#options: 1920x886 fps=30/1 timebase=1/30 bitdepth=8 cabac=1 ref=1 deblock=1:0:0 analyse=0x1:0 me=dia subme=2 psy=1 psy_rd=1.00:0.00 mixed_ref=0 me_range=16 chroma_me=1 trellis=0 8x8dct=0 cqm=0 deadzone=21,11 fast_pskip=1 chroma_qp_offset=0 threads=24 lookahead_threads=6 sliced_threads=0 nr=0 decimate=1 interlaced=0 bluray_compat=0 constrained_intra=0 bframes=3 b_pyramid=2 b_adapt=1 b_bias=0 direct=1 weightb=1 open_gop=0 weightp=2 keyint=250 keyint_min=25 scenecut=40 intra_refresh=0 rc_lookahead=40 rc=abr mbtree=1 bitrate=7800 ratetol=1.0 qcomp=0.60 qpmin=0 qpmax=69 qpstep=4 vbv_maxrate=8000 vbv_bufsize=16000 nal_hrd=none filler=0 ip_ratio=1.40 aq=1:1.00
in:0 out:0 type:I dur:2 cpbdur:2 q:20.89 aq:10.51 tex:48855 mv:629 misc:6732 imb:6720 pmb:0 smb:0 d:- ref:;
in:2 out:1 type:P dur:2 cpbdur:2 q:20.95 aq:13.47 tex:67998 mv:2867 misc:543 imb:24 pmb:6617 smb:79 d:- ref:0 ;
in:1 out:2 type:b dur:2 cpbdur:2 q:20.95 aq:14.08 tex:707 mv:483 misc:642 imb:0 pmb:171 smb:6549 d:- ref:0 ;
in:3 out:3 type:i dur:2 cpbdur:2 q:18.95 aq:3.08 tex:15260 mv:3847 misc:1237 imb:6720 pmb:0 smb:0 d:- ref:;
in:6 out:4 type:P dur:2 cpbdur:2 q:20.94 aq:2.80 tex:20511 mv:2547 misc:614 imb:5822 pmb:135 smb:763 d:- ref:0 ;
in:4 out:5 type:B dur:2 cpbdur:2 q:20.94 aq:8.49 tex:8856 mv:403 misc:733 imb:12 pmb:176 smb:6532 d:- ref:0 ;
in:5 out:6 type:b dur:2 cpbdur:2 q:20.94 aq:9.76 tex:10683 mv:739 misc:562 imb:9 pmb:79 smb:6632 d:- ref:0 ;
in:7 out:7 type:P dur:2 cpbdur:2 q:20.63 aq:12.88 tex:18975 mv:1173 misc:588 imb:74 pmb:43 smb:6603 d:- ref:0 ;
in:8 out:8 type:P dur:2 cpbdur:2 q:20.60 aq:2.89 tex:23647 mv:3793 misc:376 imb:6530 pmb:179 smb:11 d:- ref:0 ;
in:9 out:9 type:P dur:2 cpbdur:2 q:20.46 aq:13.73 tex:20604 mv:1901 misc:671 imb:104 pmb:86 smb:6530 d:- ref:0 ;
in:10 out:10 type:P dur:2 cpbdur:2 q:20.38 aq:2.38 tex:17220 mv:2975 misc:717 imb:1761 pmb:108 smb:4851 d:- ref:0 ;
in:11 out:11 type:P dur:2 cpbdur:2 q:20.31 aq:10.28 tex:18953 mv:2270 misc:657 imb:130 pmb:119 smb:6471 d:- ref:0 ;
in:13 out:12 type:P dur:2 cpbdur:2 q:20.22 aq:9.16 tex:23459 mv:2415 misc:558 imb:103 pmb:135 smb:6482 d:- ref:0 ;
in:12 out:13 type:b dur:2 cpbdur:2 q:20.31 aq:13.86 tex:3982 mv:2546 misc:600 imb:28 pmb:165 smb:6527 d:- ref:0 ;
in:17 out:14 type:P dur:2 cpbdur:2 q:20.02 aq:10.31 tex:14027 mv:1556 misc:561 imb:75 pmb:127 smb:6518 d:- ref:0 ;
in:15 out:15 type:B dur:2 cpbdur:2 q:20.22 aq:11.78 tex:389 mv:168 misc:579 imb:0 pmb:60 smb:6660 d:- ref:0 ;
in:14 out:16 type:b dur:2 cpbdur:2 q:20.22 aq:6.04 tex:253 mv:167 misc:596 imb:0 pmb:74 smb:6646 d:- ref:0 ;
in:16 out:17 type:b dur:2 cpbdur:2 q:20.22 aq:12.88 tex:66 mv:12 misc:378 imb:0 pmb:3 smb:6717 d:- ref:0 ;
in:21 out:18 type:P dur:2 cpbdur:2 q:19.53 aq:12.83 tex:19395 mv:2237 misc:544 imb:109 pmb:123 smb:6488 d:- ref:0 ;
in:19 out:19 type:B dur:2 cpbdur:2 q:20.02 aq:6.27 tex:7850 mv:1872 misc:582 imb:17 pmb:151 smb:6552 d:- ref:0 ;
in:18 out:20 type:b dur:2 cpbdur:2 q:20.02 aq:14.56 tex:74 mv:154 misc:540 imb:0 pmb:61 smb:6659 d:- ref:0 ;
in:20 out:21 type:b dur:2 cpbdur:2 q:20.02 aq:10.76 tex:7979 mv:2303 misc:558 imb:12 pmb:174 smb:6534 d:- ref:0 ;
in:23 out:22 type:P dur:2 cpbdur:2 q:19.04 aq:10.62 tex:40709 mv:2872 misc:595 imb:167 pmb:119 smb:6434 d:- ref:0 ;
in:22 out:23 type:b dur:2 cpbdur:2 q:19.53 aq:12.00 tex:11150 mv:2827 misc:639 imb:18 pmb:191 smb:6511 d:- ref:0 ;
in:24 out:24 type:P dur:2 cpbdur:2 q:14.29 aq:2.33 tex:48024 mv:2519 misc:561 imb:123 pmb:135 smb:6462 d:- ref:0 ;
in:25 out:25 type:P dur:2 cpbdur:2 q:12.43 aq:1.38 tex:58278 mv:2678 misc:612 imb:118 pmb:152 smb:6450 d:- ref:0 ;
in:26 out:26 type:P dur:2 cpbdur:2 q:9.85 aq:0.82 tex:67572 mv:2763 misc:577 imb:126 pmb:136 smb:6458 d:- ref:0 ;
in:27 out:27 type:P dur:2 cpbdur:2 q:7.97 aq:0.68 tex:68759 mv:2401 misc:608 imb:124 pmb:130 smb:6466 d:- ref:0 ;
in:28 out:28 type:P dur:2 cpbdur:2 q:6.88 aq:0.75 tex:69997 mv:2407 misc:604 imb:140 pmb:119 smb:6461 d:- ref:0 ;
in:29 out:29 type:P dur:2 cpbdur:2 q:5.75 aq:0.69 tex:72923 mv:2581 misc:648 imb:113 pmb:146 smb:6461 d:- ref:0 ;
in:30 out:30 type:P dur:2 cpbdur:2 q:4.89 aq:0.33 tex:79665 mv:2645 misc:746 imb:99 pmb:147 smb:6474 d:- ref:0 ;
in:31 out:31 type:P dur:2 cpbdur:2 q:4.34 aq:0.29 tex:93610 mv:2569 misc:613 imb:91 pmb:140 smb:6489 d:- ref:0 ;
in:32 out:32 type:P dur:2 cpbdur:2 q:4.02 aq:0.11 tex:105176 mv:2617 misc:623 imb:125 pmb:136 smb:6459 d:- ref:0 ;
in:36 out:33 type:P dur:2 cpbdur:2 q:3.66 aq:0.18 tex:134063 mv:2281 misc:664 imb:146 pmb:99 smb:6475 d:- ref:0 ;
in:34 out:34 type:B dur:2 cpbdur:2 q:4.01 aq:1.28 tex:73035 mv:2224 misc:661 imb:15 pmb:202 smb:6503 d:- ref:0 ;
in:33 out:35 type:b dur:2 cpbdur:2 q:4.01 aq:1.21 tex:70824 mv:3191 misc:665 imb:18 pmb:207 smb:6495 d:- ref:0 ;
in:35 out:36 type:b dur:2 cpbdur:2 q:4.01 aq:0.96 tex:50826 mv:2351 misc:615 imb:15 pmb:168 smb:6537 d:- ref:0 ;
in:37 out:37 type:P dur:2 cpbdur:2 q:2.57 aq:0.38 tex:90058 mv:2025 misc:621 imb:85 pmb:156 smb:6479 d:- ref:0 ;
in:38 out:38 type:P dur:2 cpbdur:2 q:2.63 aq:0.66 tex:83438 mv:2185 misc:665 imb:69 pmb:155 smb:6496 d:- ref:0 ;
in:39 out:39 type:P dur:2 cpbdur:2 q:2.64 aq:0.32 tex:80178 mv:2453 misc:673 imb:122 pmb:148 smb:6450 d:- ref:0 ;
in:40 out:40 type:P dur:2 cpbdur:2 q:2.79 aq:0.68 tex:84099 mv:2409 misc:644 imb:98 pmb:154 smb:6468 d:- ref:0 ;
in:42 out:41 type:P dur:2 cpbdur:2 q:2.79 aq:1.12 tex:119353 mv:2720 misc:631 imb:181 pmb:116 smb:6423 d:- ref:0 ;
in:41 out:42 type:b dur:2 cpbdur:2 q:2.79 aq:1.43 tex:83375 mv:3735 misc:714 imb:13 pmb:226 smb:6481 d:- ref:0 ;
in:44 out:43 type:P dur:2 cpbdur:2 q:2.86 aq:1.68 tex:117729 mv:2441 misc:654 imb:204 pmb:94 smb:6422 d:- ref:0 ;
in:43 out:44 type:b dur:2 cpbdur:2 q:2.86 aq:1.80 tex:73300 mv:3499 misc:721 imb:21 pmb:225 smb:6474 d:- ref:0 ;
in:46 out:45 type:P dur:2 cpbdur:2 q:2.84 aq:1.05 tex:147598 mv:2519 misc:611 imb:203 pmb:87 smb:6430 d:- ref:0 ;
in:45 out:46 type:b dur:2 cpbdur:2 q:2.86 aq:1.69 tex:74030 mv:3332 misc:630 imb:18 pmb:218 smb:6484 d:- ref:0 ;
in:50 out:47 type:P dur:2 cpbdur:2 q:2.90 aq:0.87 tex:167798 mv:2256 misc:610 imb:217 pmb:72 smb:6431 d:- ref:0 ;
in:48 out:48 type:B dur:2 cpbdur:2 q:2.90 aq:1.52 tex:92700 mv:2979 misc:681 imb:12 pmb:227 smb:6481 d:- ref:0 ;
in:47 out:49 type:b dur:2 cpbdur:2 q:2.90 aq:1.79 tex:93175 mv:3309 misc:692 imb:16 pmb:227 smb:6477 d:- ref:0 ;
in:49 out:50 type:b dur:2 cpbdur:2 q:2.90 aq:1.28 tex:66287 mv:2867 misc:582 imb:16 pmb:186 smb:6518 d:- ref:0 ;
in:53 out:51 type:P dur:2 cpbdur:2 q:3.24 aq:0.55 tex:86928 mv:2124 misc:612 imb:76 pmb:153 smb:6491 d:- ref:0 ;
in:51 out:52 type:B dur:2 cpbdur:2 q:3.24 aq:1.42 tex:60315 mv:2023 misc:670 imb:5 pmb:182 smb:6533 d:- ref:0 ;
in:52 out:53 type:b dur:2 cpbdur:2 q:3.24 aq:1.73 tex:52046 mv:2939 misc:615 imb:19 pmb:179 smb:6522 d:- ref:0 ;
in:54 out:54 type:P dur:2 cpbdur:2 q:3.19 aq:0.72 tex:72955 mv:2092 misc:553 imb:68 pmb:152 smb:6500 d:- ref:0 ;
in:55 out:55 type:P dur:2 cpbdur:2 q:3.17 aq:0.47 tex:88414 mv:2379 misc:647 imb:86 pmb:146 smb:6488 d:- ref:0 ;
in:56 out:56 type:P dur:2 cpbdur:2 q:3.09 aq:0.50 tex:77140 mv:2384 misc:652 imb:116 pmb:142 smb:6462 d:- ref:0 ;
in:57 out:57 type:P dur:2 cpbdur:2 q:3.17 aq:0.48 tex:107910 mv:2693 misc:717 imb:162 pmb:124 smb:6434 d:- ref:0 w:5,27,25,7,108,24,109,13 ;
in:58 out:58 type:P dur:2 cpbdur:2 q:3.15 aq:0.34 tex:132826 mv:2823 misc:743 imb:174 pmb:110 smb:6436 d:- ref:0 w:7,107,26,6,55,21,54,13 ;
in:59 out:59 type:P dur:2 cpbdur:2 q:3.21 aq:0.17 tex:142136 mv:2637 misc:635 imb:256 pmb:72 smb:6392 d:- ref:0 ;
in:60 out:60 type:P dur:2 cpbdur:2 q:3.23 aq:0.09 tex:131272 mv:2283 misc:709 imb:294 pmb:56 smb:6370 d:- ref:0 ;
in:61 out:61 type:P dur:2 cpbdur:2 q:3.15 aq:0.30 tex:122841 mv:1783 misc:568 imb:324 pmb:38 smb:6358 d:- ref:0 ;
in:62 out:62 type:P dur:2 cpbdur:2 q:3.13 aq:0.66 tex:69717 mv:1614 misc:589 imb:244 pmb:32 smb:6444 d:- ref:0 ;
in:63 out:63 type:P dur:2 cpbdur:2 q:3.08 aq:0.92 tex:58071 mv:1247 misc:586 imb:156 pmb:28 smb:6536 d:- ref:0 ;
in:65 out:64 type:P dur:2 cpbdur:2 q:2.95 aq:0.52 tex:74861 mv:1273 misc:626 imb:184 pmb:34 smb:6502 d:- ref:0 ;
in:64 out:65 type:b dur:2 cpbdur:2 q:3.08 aq:0.83 tex:68471 mv:2001 misc:704 imb:13 pmb:171 smb:6536 d:- ref:0 ;
in:66 out:66 type:P dur:2 cpbdur:2 q:3.02 aq:0.72 tex:79293 mv:1779 misc:576 imb:129 pmb:58 smb:6533 d:- ref:0 ;
in:67 out:67 type:P dur:2 cpbdur:2 q:2.88 aq:0.47 tex:74869 mv:1938 misc:585 imb:149 pmb:55 smb:6516 d:- ref:0 ;
in:68 out:68 type:P dur:2 cpbdur:2 q:2.87 aq:0.71 tex:103758 mv:2584 misc:562 imb:150 pmb:98 smb:6472 d:- ref:0 ;
in:70 out:69 type:P dur:2 cpbdur:2 q:3.13 aq:0.73 tex:125337 mv:2612 misc:763 imb:238 pmb:70 smb:6412 d:- ref:0 ;
in:69 out:70 type:b dur:2 cpbdur:2 q:3.12 aq:0.55 tex:82576 mv:3481 misc:759 imb:33 pmb:231 smb:6456 d:- ref:0 ;
in:71 out:71 type:P dur:2 cpbdur:2 q:3.28 aq:0.60 tex:76263 mv:2779 misc:678 imb:204 pmb:124 smb:6392 d:- ref:0 ;
in:73 out:72 type:P dur:2 cpbdur:2 q:3.30 aq:0.63 tex:141292 mv:3222 misc:710 imb:283 pmb:88 smb:6349 d:- ref:0 ;
in:72 out:73 type:b dur:2 cpbdur:2 q:3.30 aq:0.67 tex:60282 mv:3637 misc:841 imb:65 pmb:255 smb:6400 d:- ref:0 ;
in:74 out:74 type:P dur:2 cpbdur:2 q:3.21 aq:0.60 tex:90280 mv:3240 misc:712 imb:224 pmb:159 smb:6337 d:- ref:0 ;
in:75 out:75 type:P dur:2 cpbdur:2 q:4.14 aq:2.01 tex:70470 mv:3086 misc:676 imb:224 pmb:155 smb:6341 d:- ref:0 ;
in:76 out:76 type:P dur:2 cpbdur:2 q:4.15 aq:1.48 tex:138322 mv:3676 misc:674 imb:300 pmb:171 smb:6249 d:- ref:0 ;
in:77 out:77 type:P dur:2 cpbdur:2 q:4.16 aq:0.66 tex:119471 mv:3710 misc:763 imb:233 pmb:230 smb:6257 d:- ref:0 ;
in:79 out:78 type:P dur:2 cpbdur:2 q:4.77 aq:0.18 tex:182082 mv:4409 misc:789 imb:322 pmb:227 smb:6171 d:- ref:0 ;
in:78 out:79 type:b dur:2 cpbdur:2 q:4.77 aq:2.19 tex:52846 mv:4578 misc:960 imb:55 pmb:407 smb:6258 d:- ref:0 ;
in:82 out:80 type:P dur:2 cpbdur:2 q:4.95 aq:0.09 tex:138856 mv:4061 misc:947 imb:319 pmb:285 smb:6116 d:- ref:0 ;
in:80 out:81 type:B dur:2 cpbdur:2 q:4.95 aq:1.01 tex:30802 mv:3007 misc:1167 imb:21 pmb:423 smb:6276 d:- ref:0 ;
in:81 out:82 type:b dur:2 cpbdur:2 q:4.95 aq:1.62 tex:1720 mv:558 misc:1082 imb:1 pmb:242 smb:6477 d:- ref:0 ;
in:86 out:83 type:P dur:2 cpbdur:2 q:5.65 aq:0.39 tex:150147 mv:2292 misc:1337 imb:309 pmb:226 smb:6185 d:- ref:0 ;
in:84 out:84 type:B dur:2 cpbdur:2 q:6.10 aq:5.66 tex:3093 mv:472 misc:923 imb:4 pmb:119 smb:6597 d:- ref:0 ;
in:83 out:85 type:b dur:2 cpbdur:2 q:6.10 aq:0.34 tex:1329 mv:334 misc:697 imb:0 pmb:86 smb:6634 d:- ref:0 ;
in:85 out:86 type:b dur:2 cpbdur:2 q:6.10 aq:4.76 tex:1505 mv:210 misc:509 imb:1 pmb:28 smb:6691 d:- ref:0 ;
in:90 out:87 type:P dur:2 cpbdur:2 q:5.82 aq:1.53 tex:557082 mv:7352 misc:1814 imb:1160 pmb:183 smb:5377 d:- ref:0 ;
in:88 out:88 type:B dur:2 cpbdur:2 q:6.11 aq:1.21 tex:6800 mv:925 misc:1955 imb:19 pmb:524 smb:6177 d:- ref:0 ;
in:87 out:89 type:b dur:2 cpbdur:2 q:6.11 aq:0.09 tex:754 mv:274 misc:1124 imb:2 pmb:244 smb:6474 d:- ref:0 ;
in:89 out:90 type:b dur:2 cpbdur:2 q:6.11 aq:4.07 tex:622 mv:237 misc:1221 imb:2 pmb:251 smb:6467 d:- ref:0 ;
in:94 out:91 type:P dur:2 cpbdur:2 q:6.10 aq:1.47 tex:191824 mv:3235 misc:1533 imb:683 pmb:112 smb:5925 d:- ref:0 ;
in:92 out:92 type:B dur:2 cpbdur:2 q:6.10 aq:3.14 tex:9564 mv:810 misc:1514 imb:25 pmb:303 smb:6392 d:- ref:0 ;
in:91 out:93 type:b dur:2 cpbdur:2 q:6.09 aq:0.86 tex:1174 mv:310 misc:1204 imb:2 pmb:227 smb:6491 d:- ref:0 ;
in:93 out:94 type:b dur:2 cpbdur:2 q:6.10 aq:1.99 tex:863 mv:222 misc:803 imb:1 pmb:76 smb:6643 d:- ref:0 ;
in:98 out:95 type:P dur:2 cpbdur:2 q:6.29 aq:0.42 tex:17163 mv:1948 misc:1353 imb:1344 pmb:31 smb:5345 d:- ref:0 ;
in:96 out:96 type:B dur:2 cpbdur:2 q:6.28 aq:2.61 tex:6586 mv:780 misc:1770 imb:19 pmb:465 smb:6236 d:- ref:0 ;
in:95 out:97 type:b dur:2 cpbdur:2 q:6.28 aq:3.48 tex:2659 mv:621 misc:1368 imb:10 pmb:297 smb:6413 d:- ref:0 ;
in:97 out:98 type:b dur:2 cpbdur:2 q:6.29 aq:0.63 tex:7455 mv:532 misc:1133 imb:1 pmb:249 smb:6470 d:- ref:0 ;
in:101 out:99 type:P dur:2 cpbdur:2 q:6.21 aq:1.25 tex:66484 mv:2529 misc:1259 imb:1309 pmb:29 smb:5382 d:- ref:0 ;
in:99 out:100 type:B dur:2 cpbdur:2 q:6.29 aq:1.31 tex:25706 mv:1828 misc:1770 imb:28 pmb:482 smb:6210 d:- ref:0 ;
in:100 out:101 type:b dur:2 cpbdur:2 q:6.29 aq:0.88 tex:27820 mv:2435 misc:1073 imb:11 pmb:332 smb:6377 d:- ref:0 ;
in:105 out:102 type:P dur:2 cpbdur:2 q:6.39 aq:1.31 tex:183512 mv:5590 misc:810 imb:850 pmb:66 smb:5804 d:- ref:0 ;
in:103 out:103 type:B dur:2 cpbdur:2 q:6.39 aq:1.11 tex:83973 mv:6075 misc:1368 imb:61 pmb:391 smb:6268 d:- ref:0 ;
in:102 out:104 type:b dur:2 cpbdur:2 q:6.39 aq:1.04 tex:43370 mv:3865 misc:973 imb:14 pmb:284 smb:6422 d:- ref:0 ;
in:104 out:105 type:b dur:2 cpbdur:2 q:6.39 aq:1.73 tex:99562 mv:6075 misc:1395 imb:27 pmb:496 smb:6197 d:- ref:0 ;
in:108 out:106 type:P dur:2 cpbdur:2 q:6.58 aq:2.07 tex:345958 mv:12611 misc:1135 imb:1580 pmb:326 smb:4814 d:- ref:0 ;
in:106 out:107 type:B dur:2 cpbdur:2 q:6.57 aq:1.73 tex:171739 mv:9833 misc:1940 imb:83 pmb:739 smb:5898 d:- ref:0 ;
in:107 out:108 type:b dur:2 cpbdur:2 q:6.57 aq:2.31 tex:184952 mv:11790 misc:1938 imb:45 pmb:902 smb:5773 d:- ref:0 ;
in:110 out:109 type:P dur:2 cpbdur:2 q:6.67 aq:1.85 tex:442443 mv:15893 misc:1528 imb:2146 pmb:446 smb:4128 d:- ref:0 ;
in:109 out:110 type:b dur:2 cpbdur:2 q:6.67 aq:3.69 tex:267198 mv:16035 misc:2271 imb:148 pmb:1082 smb:5490 d:- ref:0 ;
in:114 out:111 type:P dur:2 cpbdur:2 q:6.90 aq:2.12 tex:657660 mv:21030 misc:1870 imb:2899 pmb:474 smb:3347 d:- ref:0 ;
in:112 out:112 type:B dur:2 cpbdur:2 q:6.94 aq:3.04 tex:418188 mv:20539 misc:3097 imb:174 pmb:1399 smb:5147 d:- ref:0 ;
in:111 out:113 type:b dur:2 cpbdur:2 q:6.94 aq:3.97 tex:280667 mv:18520 misc:2597 imb:63 pmb:1393 smb:5264 d:- ref:0 ;
in:113 out:114 type:b dur:2 cpbdur:2 q:6.94 aq:4.16 tex:309974 mv:19859 misc:2703 imb:115 pmb:1420 smb:5185 d:- ref:0 ;
in:117 out:115 type:P dur:2 cpbdur:2 q:7.08 aq:1.70 tex:686170 mv:23177 misc:1797 imb:3521 pmb:668 smb:2531 d:- ref:0 ;
in:115 out:116 type:B dur:2 cpbdur:2 q:7.08 aq:4.17 tex:392062 mv:21831 misc:2835 imb:181 pmb:1522 smb:5017 d:- ref:0 ;
in:116 out:117 type:b dur:2 cpbdur:2 q:7.08 aq:4.56 tex:399566 mv:22532 misc:2766 imb:205 pmb:1535 smb:4980 d:- ref:0 ;
in:118 out:118 type:P dur:2 cpbdur:2 q:7.25 aq:1.68 tex:417538 mv:15691 misc:1811 imb:2575 pmb:892 smb:3253 d:- ref:0 ;
in:119 out:119 type:P dur:2 cpbdur:2 q:7.48 aq:1.36 tex:366956 mv:13829 misc:1551 imb:3771 pmb:804 smb:2145 d:- ref:0 ;
in:121 out:120 type:P dur:2 cpbdur:2 q:7.45 aq:1.83 tex:488047 mv:15014 misc:1755 imb:2120 pmb:720 smb:3880 d:- ref:0 ;
in:120 out:121 type:b dur:2 cpbdur:2 q:7.57 aq:5.57 tex:246173 mv:15556 misc:2047 imb:173 pmb:1010 smb:5537 d:- ref:0 ;
in:123 out:122 type:P dur:2 cpbdur:2 q:7.56 aq:3.30 tex:525477 mv:13668 misc:1575 imb:1577 pmb:798 smb:4345 d:- ref:0 ;
in:122 out:123 type:b dur:2 cpbdur:2 q:7.56 aq:5.78 tex:208596 mv:15363 misc:2009 imb:142 pmb:1083 smb:5495 d:- ref:0 ;
in:125 out:124 type:P dur:2 cpbdur:2 q:7.62 aq:1.98 tex:560358 mv:15005 misc:1581 imb:2166 pmb:797 smb:3757 d:- ref:0 ;
in:124 out:125 type:b dur:2 cpbdur:2 q:7.65 aq:6.14 tex:232800 mv:15309 misc:1955 imb:102 pmb:1144 smb:5474 d:- ref:0 ;
in:129 out:126 type:P dur:2 cpbdur:2 q:7.67 aq:1.96 tex:567451 mv:15493 misc:1504 imb:2643 pmb:682 smb:3395 d:- ref:0 ;
in:127 out:127 type:B dur:2 cpbdur:2 q:7.82 aq:5.01 tex:305663 mv:16562 misc:1959 imb:132 pmb:1152 smb:5436 d:- ref:0 ;
in:126 out:128 type:b dur:2 cpbdur:2 q:7.89 aq:6.01 tex:182076 mv:14283 misc:1969 imb:71 pmb:1180 smb:5469 d:- ref:0 ;
in:128 out:129 type:b dur:2 cpbdur:2 q:7.82 aq:6.54 tex:265824 mv:14600 misc:1888 imb:116 pmb:1098 smb:5506 d:- ref:0 ;
in:133 out:130 type:P dur:2 cpbdur:2 q:7.53 aq:1.83 tex:430655 mv:9747 misc:1622 imb:1450 pmb:402 smb:4868 d:- ref:0 ;
in:131 out:131 type:B dur:2 cpbdur:2 q:7.77 aq:5.99 tex:322048 mv:13622 misc:1706 imb:89 pmb:992 smb:5639 d:- ref:0 ;
in:130 out:132 type:b dur:2 cpbdur:2 q:7.82 aq:6.95 tex:256593 mv:13710 misc:1793 imb:71 pmb:1106 smb:5543 d:- ref:0 ;
in:132 out:133 type:b dur:2 cpbdur:2 q:7.77 aq:7.45 tex:148122 mv:9679 misc:1543 imb:54 pmb:759 smb:5907 d:- ref:0 ;
in:135 out:134 type:P dur:2 cpbdur:2 q:7.95 aq:2.48 tex:357155 mv:8374 misc:1607 imb:873 pmb:576 smb:5271 d:- ref:0 ;
in:134 out:135 type:b dur:2 cpbdur:2 q:8.18 aq:6.84 tex:184944 mv:8365 misc:1283 imb:51 pmb:677 smb:5992 d:- ref:0 ;
in:139 out:136 type:P dur:2 cpbdur:2 q:7.85 aq:2.89 tex:401398 mv:7315 misc:1095 imb:573 pmb:366 smb:5781 d:- ref:0 ;
in:137 out:137 type:B dur:2 cpbdur:2 q:8.22 aq:5.50 tex:279221 mv:9863 misc:1156 imb:239 pmb:590 smb:5891 d:- ref:0 ;
in:136 out:138 type:b dur:2 cpbdur:2 q:8.23 aq:6.12 tex:194430 mv:8398 misc:1268 imb:90 pmb:619 smb:6011 d:- ref:0 ;
in:138 out:139 type:b dur:2 cpbdur:2 q:8.22 aq:7.40 tex:176138 mv:8019 misc:1299 imb:123 pmb:568 smb:6029 d:- ref:0 ;
in:140 out:140 type:P dur:2 cpbdur:2 q:8.43 aq:3.17 tex:309067 mv:6928 misc:1309 imb:454 pmb:528 smb:5738 d:- ref:0 ;
in:144 out:141 type:P dur:2 cpbdur:2 q:8.61 aq:3.36 tex:390204 mv:7119 misc:1317 imb:512 pmb:424 smb:5784 d:- ref:0 ;
in:142 out:142 type:B dur:2 cpbdur:2 q:8.61 aq:6.66 tex:254489 mv:9153 misc:1182 imb:115 pmb:651 smb:5954 d:- ref:0 ;
in:141 out:143 type:b dur:2 cpbdur:2 q:8.61 aq:7.54 tex:171109 mv:7258 misc:1185 imb:67 pmb:638 smb:6015 d:- ref:0 ;
in:143 out:144 type:b dur:2 cpbdur:2 q:8.61 aq:6.34 tex:227131 mv:8410 misc:1275 imb:65 pmb:695 smb:5960 d:- ref:0 ;
in:148 out:145 type:P dur:2 cpbdur:2 q:8.82 aq:2.80 tex:354156 mv:6867 misc:1177 imb:536 pmb:433 smb:5751 d:- ref:0 ;
in:146 out:146 type:B dur:2 cpbdur:2 q:8.95 aq:5.38 tex:184444 mv:8426 misc:1354 imb:48 pmb:698 smb:5974 d:- ref:0 ;
in:145 out:147 type:b dur:2 cpbdur:2 q:9.64 aq:7.68 tex:180506 mv:8223 misc:983 imb:39 pmb:643 smb:6038 d:- ref:0 ;
in:147 out:148 type:b dur:2 cpbdur:2 q:8.95 aq:5.66 tex:155159 mv:6626 misc:1519 imb:27 pmb:707 smb:5986 d:- ref:0 ;
in:152 out:149 type:P dur:2 cpbdur:2 q:8.90 aq:2.04 tex:367011 mv:7199 misc:1238 imb:627 pmb:430 smb:5663 d:- ref:0 ;
in:150 out:150 type:B dur:2 cpbdur:2 q:9.07 aq:5.61 tex:210374 mv:8446 misc:1140 imb:61 pmb:671 smb:5988 d:- ref:0 ;
in:149 out:151 type:b dur:2 cpbdur:2 q:9.07 aq:8.81 tex:127253 mv:6465 misc:1114 imb:16 pmb:618 smb:6086 d:- ref:0 ;
in:151 out:152 type:b dur:2 cpbdur:2 q:9.06 aq:5.75 tex:170563 mv:7359 misc:1598 imb:47 pmb:702 smb:5971 d:- ref:0 ;
in:156 out:153 type:P dur:2 cpbdur:2 q:8.87 aq:2.66 tex:362384 mv:6159 misc:929 imb:397 pmb:412 smb:5911 d:- ref:0 ;
in:154 out:154 type:B dur:2 cpbdur:2 q:9.02 aq:5.97 tex:188483 mv:8486 misc:1031 imb:30 pmb:627 smb:6063 d:- ref:0 ;
in:153 out:155 type:b dur:2 cpbdur:2 q:9.02 aq:8.43 tex:140648 mv:6231 misc:993 imb:17 pmb:602 smb:6101 d:- ref:0 ;
in:155 out:156 type:b dur:2 cpbdur:2 q:9.02 aq:6.05 tex:173371 mv:6132 misc:1129 imb:26 pmb:631 smb:6063 d:- ref:0 ;
in:160 out:157 type:P dur:2 cpbdur:2 q:9.05 aq:3.86 tex:358043 mv:5944 misc:957 imb:303 pmb:429 smb:5988 d:- ref:0 ;
in:158 out:158 type:B dur:2 cpbdur:2 q:9.16 aq:6.82 tex:176217 mv:7403 misc:1012 imb:21 pmb:619 smb:6080 d:- ref:0 ;
in:157 out:159 type:b dur:2 cpbdur:2 q:9.19 aq:8.22 tex:105943 mv:5347 misc:1014 imb:14 pmb:592 smb:6114 d:- ref:0 ;
in:159 out:160 type:b dur:2 cpbdur:2 q:9.19 aq:6.95 tex:130667 mv:5333 misc:1064 imb:18 pmb:647 smb:6055 d:- ref:0 ;
in:164 out:161 type:P dur:2 cpbdur:2 q:9.19 aq:3.84 tex:298187 mv:5622 misc:871 imb:244 pmb:521 smb:5955 d:- ref:0 ;
in:162 out:162 type:B dur:2 cpbdur:2 q:9.32 aq:6.78 tex:144429 mv:5591 misc:996 imb:8 pmb:613 smb:6099 d:- ref:0 ;
in:161 out:163 type:b dur:2 cpbdur:2 q:9.44 aq:7.11 tex:104638 mv:4943 misc:1035 imb:11 pmb:582 smb:6127 d:- ref:0 ;
in:163 out:164 type:b dur:2 cpbdur:2 q:9.39 aq:7.87 tex:76020 mv:3587 misc:1217 imb:11 pmb:610 smb:6099 d:- ref:0 ;
in:168 out:165 type:P dur:2 cpbdur:2 q:9.40 aq:3.78 tex:283109 mv:6036 misc:927 imb:186 pmb:534 smb:6000 d:- ref:0 ;
in:166 out:166 type:B dur:2 cpbdur:2 q:9.74 aq:6.81 tex:163351 mv:6379 misc:950 imb:23 pmb:619 smb:6078 d:- ref:0 ;
in:165 out:167 type:b dur:2 cpbdur:2 q:9.74 aq:8.00 tex:67520 mv:3515 misc:1085 imb:5 pmb:561 smb:6154 d:- ref:0 ;
in:167 out:168 type:b dur:2 cpbdur:2 q:9.74 aq:6.70 tex:155471 mv:7751 misc:1010 imb:24 pmb:654 smb:6042 d:- ref:0 ;
in:171 out:169 type:P dur:2 cpbdur:2 q:9.69 aq:1.78 tex:337728 mv:7872 misc:1072 imb:641 pmb:378 smb:5701 d:- ref:0 ;
in:169 out:170 type:B dur:2 cpbdur:2 q:10.06 aq:5.94 tex:212509 mv:9999 misc:780 imb:73 pmb:870 smb:5777 d:- ref:0 ;
in:170 out:171 type:b dur:2 cpbdur:2 q:10.06 aq:6.33 tex:105947 mv:9753 misc:876 imb:73 pmb:847 smb:5800 d:- ref:0 ;
in:173 out:172 type:P dur:2 cpbdur:2 q:9.55 aq:2.54 tex:331018 mv:7776 misc:870 imb:759 pmb:266 smb:5695 d:- ref:0 ;
in:172 out:173 type:b dur:2 cpbdur:2 q:9.86 aq:6.32 tex:113093 mv:9052 misc:1063 imb:103 pmb:876 smb:5741 d:- ref:0 ;
in:176 out:174 type:P dur:2 cpbdur:2 q:9.66 aq:3.71 tex:367807 mv:10832 misc:817 imb:1347 pmb:220 smb:5153 d:- ref:0 ;
in:174 out:175 type:B dur:2 cpbdur:2 q:9.89 aq:4.05 tex:225468 mv:16717 misc:1415 imb:394 pmb:807 smb:5519 d:- ref:0 ;
in:175 out:176 type:b dur:2 cpbdur:2 q:9.89 aq:4.67 tex:178736 mv:14338 misc:1422 imb:191 pmb:1008 smb:5521 d:- ref:0 ;
in:178 out:177 type:P dur:2 cpbdur:2 q:9.92 aq:4.03 tex:400752 mv:14938 misc:1366 imb:1643 pmb:367 smb:4710 d:- ref:0 ;
in:177 out:178 type:b dur:2 cpbdur:2 q:9.99 aq:5.38 tex:250045 mv:18630 misc:2045 imb:420 pmb:1035 smb:5265 d:- ref:0 ;
in:179 out:179 type:P dur:2 cpbdur:2 q:10.19 aq:4.19 tex:317082 mv:14333 misc:1705 imb:1450 pmb:483 smb:4787 d:- ref:0 ;
in:180 out:180 type:P dur:2 cpbdur:2 q:10.03 aq:3.69 tex:287245 mv:13940 misc:2311 imb:1249 pmb:600 smb:4871 d:- ref:0 ;
in:181 out:181 type:P dur:2 cpbdur:2 q:9.14 aq:3.63 tex:308694 mv:14109 misc:1981 imb:1225 pmb:586 smb:4909 d:- ref:0 ;
in:182 out:182 type:P dur:2 cpbdur:2 q:9.23 aq:2.74 tex:302667 mv:15158 misc:2327 imb:1604 pmb:668 smb:4448 d:- ref:0 ;
in:184 out:183 type:P dur:2 cpbdur:2 q:9.40 aq:2.66 tex:322776 mv:17073 misc:2407 imb:2089 pmb:582 smb:4049 d:- ref:0 ;
in:183 out:184 type:b dur:2 cpbdur:2 q:9.40 aq:4.89 tex:174754 mv:16180 misc:3090 imb:196 pmb:1303 smb:5221 d:- ref:0 ;
in:185 out:185 type:P dur:2 cpbdur:2 q:9.71 aq:3.24 tex:282907 mv:15167 misc:2430 imb:1543 pmb:645 smb:4532 d:- ref:0 ;
in:186 out:186 type:P dur:2 cpbdur:2 q:9.82 aq:4.00 tex:275914 mv:16048 misc:2438 imb:1186 pmb:687 smb:4847 d:- ref:0 ;
in:187 out:187 type:P dur:2 cpbdur:2 q:9.83 aq:3.54 tex:296322 mv:19370 misc:1940 imb:2336 pmb:797 smb:3587 d:- ref:0 ;
in:188 out:188 type:P dur:2 cpbdur:2 q:10.22 aq:2.66 tex:302464 mv:18654 misc:2050 imb:2565 pmb:705 smb:3450 d:- ref:0 ;
in:189 out:189 type:P dur:2 cpbdur:2 q:10.10 aq:2.42 tex:269948 mv:18334 misc:1454 imb:3845 pmb:682 smb:2193 d:- ref:0 ;
in:190 out:190 type:P dur:2 cpbdur:2 q:10.17 aq:2.85 tex:298946 mv:15289 misc:1861 imb:2753 pmb:476 smb:3491 d:- ref:0 ;
in:191 out:191 type:P dur:2 cpbdur:2 q:10.31 aq:3.88 tex:306640 mv:14123 misc:1517 imb:1753 pmb:508 smb:4459 d:- ref:0 ;
in:193 out:192 type:P dur:2 cpbdur:2 q:9.69 aq:3.54 tex:315185 mv:14585 misc:1822 imb:1640 pmb:537 smb:4543 d:- ref:0 ;
in:192 out:193 type:b dur:2 cpbdur:2 q:10.82 aq:5.36 tex:188860 mv:18439 misc:2405 imb:467 pmb:1049 smb:5204 d:- ref:0 ;
in:194 out:194 type:P dur:2 cpbdur:2 q:9.91 aq:2.39 tex:307865 mv:14062 misc:1577 imb:2297 pmb:439 smb:3984 d:- ref:0 ;
in:195 out:195 type:P dur:2 cpbdur:2 q:10.03 aq:2.04 tex:265032 mv:12585 misc:1727 imb:1949 pmb:363 smb:4408 d:- ref:0 ;
in:196 out:196 type:P dur:2 cpbdur:2 q:9.97 aq:2.53 tex:237356 mv:11977 misc:1643 imb:1672 pmb:443 smb:4605 d:- ref:0 ;
in:197 out:197 type:P dur:2 cpbdur:2 q:9.91 aq:1.74 tex:201233 mv:12560 misc:1687 imb:1946 pmb:553 smb:4221 d:- ref:0 ;
in:198 out:198 type:P dur:2 cpbdur:2 q:9.43 aq:2.27 tex:187302 mv:11607 misc:2019 imb:1580 pmb:534 smb:4606 d:- ref:0 ;
in:199 out:199 type:P dur:2 cpbdur:2 q:9.18 aq:1.85 tex:174880 mv:10217 misc:2023 imb:1215 pmb:444 smb:5061 d:- ref:0 ;
in:200 out:200 type:P dur:2 cpbdur:2 q:9.00 aq:1.63 tex:182891 mv:9780 misc:2073 imb:1079 pmb:466 smb:5175 d:- ref:0 ;
in:202 out:201 type:P dur:2 cpbdur:2 q:8.59 aq:1.03 tex:160773 mv:8399 misc:1876 imb:1319 pmb:355 smb:5046 d:- ref:0 ;
in:201 out:202 type:b dur:2 cpbdur:2 q:9.00 aq:4.40 tex:133541 mv:9568 misc:2067 imb:294 pmb:708 smb:5718 d:- ref:0 ;
in:203 out:203 type:P dur:2 cpbdur:2 q:8.60 aq:2.83 tex:222380 mv:8572 misc:1968 imb:1264 pmb:410 smb:5046 d:- ref:0 ;
in:205 out:204 type:P dur:2 cpbdur:2 q:9.00 aq:3.12 tex:326032 mv:8050 misc:1510 imb:1050 pmb:176 smb:5494 d:- ref:0 ;
in:204 out:205 type:b dur:2 cpbdur:2 q:9.00 aq:5.36 tex:223762 mv:14303 misc:1575 imb:326 pmb:643 smb:5751 d:- ref:0 ;
in:207 out:206 type:P dur:2 cpbdur:2 q:9.42 aq:2.85 tex:445879 mv:12761 misc:1368 imb:2311 pmb:380 smb:4029 d:- ref:0 ;
in:206 out:207 type:b dur:2 cpbdur:2 q:9.43 aq:4.31 tex:235846 mv:15935 misc:1235 imb:260 pmb:725 smb:5735 d:- ref:0 ;
in:208 out:208 type:P dur:2 cpbdur:2 q:9.43 aq:3.32 tex:441286 mv:9832 misc:1234 imb:552 pmb:518 smb:5650 d:- ref:0 ;
in:209 out:209 type:P dur:2 cpbdur:2 q:9.79 aq:2.93 tex:381205 mv:10320 misc:1435 imb:487 pmb:659 smb:5574 d:- ref:0 ;
in:211 out:210 type:P dur:2 cpbdur:2 q:10.11 aq:3.10 tex:485001 mv:10955 misc:2012 imb:543 pmb:679 smb:5498 d:- ref:0 ;
in:210 out:211 type:b dur:2 cpbdur:2 q:10.13 aq:3.83 tex:207563 mv:13117 misc:1920 imb:90 pmb:1017 smb:5613 d:- ref:0 ;
in:213 out:212 type:P dur:2 cpbdur:2 q:10.59 aq:3.10 tex:442030 mv:10018 misc:1928 imb:494 pmb:736 smb:5490 d:- ref:0 ;
in:212 out:213 type:b dur:2 cpbdur:2 q:10.57 aq:4.28 tex:215163 mv:12726 misc:2103 imb:67 pmb:1027 smb:5626 d:- ref:0 ;
in:216 out:214 type:P dur:2 cpbdur:2 q:10.92 aq:4.83 tex:503609 mv:12764 misc:2283 imb:765 pmb:868 smb:5087 d:- ref:0 ;
in:214 out:215 type:B dur:2 cpbdur:2 q:10.97 aq:5.37 tex:235744 mv:12558 misc:2338 imb:66 pmb:1215 smb:5439 d:- ref:0 ;
in:215 out:216 type:b dur:2 cpbdur:2 q:10.97 aq:7.05 tex:149232 mv:14891 misc:2573 imb:83 pmb:1359 smb:5278 d:- ref:0 ;
in:220 out:217 type:P dur:2 cpbdur:2 q:11.53 aq:5.41 tex:681806 mv:17590 misc:2012 imb:1223 pmb:862 smb:4635 d:- ref:0 ;
in:218 out:218 type:B dur:2 cpbdur:2 q:11.53 aq:5.45 tex:285671 mv:19057 misc:2704 imb:225 pmb:1599 smb:4896 d:- ref:0 ;
in:217 out:219 type:b dur:2 cpbdur:2 q:11.52 aq:5.58 tex:96986 mv:14562 misc:2884 imb:130 pmb:1224 smb:5366 d:- ref:0 ;
in:219 out:220 type:b dur:2 cpbdur:2 q:11.53 aq:8.44 tex:120349 mv:17243 misc:2704 imb:158 pmb:1358 smb:5204 d:- ref:0 ;
in:222 out:221 type:P dur:2 cpbdur:2 q:12.69 aq:4.67 tex:543476 mv:17292 misc:2008 imb:1248 pmb:912 smb:4560 d:- ref:0 ;
in:221 out:222 type:b dur:2 cpbdur:2 q:12.73 aq:8.84 tex:100869 mv:17542 misc:2717 imb:118 pmb:1432 smb:5170 d:- ref:0 ;
in:225 out:223 type:P dur:2 cpbdur:2 q:13.06 aq:4.58 tex:553795 mv:19216 misc:1621 imb:1530 pmb:904 smb:4286 d:- ref:0 ;
in:223 out:224 type:B dur:2 cpbdur:2 q:13.12 aq:8.34 tex:123010 mv:16985 misc:2941 imb:136 pmb:1532 smb:5052 d:- ref:0 ;
in:224 out:225 type:b dur:2 cpbdur:2 q:13.12 aq:9.63 tex:105647 mv:15290 misc:2799 imb:125 pmb:1443 smb:5152 d:- ref:0 ;
in:229 out:226 type:P dur:2 cpbdur:2 q:13.45 aq:4.63 tex:580359 mv:17563 misc:1878 imb:1430 pmb:793 smb:4497 d:- ref:0 ;
in:227 out:227 type:B dur:2 cpbdur:2 q:13.82 aq:7.45 tex:156165 mv:18753 misc:2746 imb:186 pmb:1543 smb:4991 d:- ref:0 ;
in:226 out:228 type:b dur:2 cpbdur:2 q:14.15 aq:9.30 tex:71364 mv:15377 misc:2883 imb:87 pmb:1321 smb:5312 d:- ref:0 ;
in:228 out:229 type:b dur:2 cpbdur:2 q:14.11 aq:8.96 tex:65826 mv:13388 misc:2762 imb:93 pmb:1090 smb:5537 d:- ref:0 ;
in:233 out:230 type:P dur:2 cpbdur:2 q:13.41 aq:4.08 tex:389054 mv:14329 misc:2121 imb:1009 pmb:1025 smb:4686 d:- ref:0 ;
in:231 out:231 type:B dur:2 cpbdur:2 q:13.91 aq:6.92 tex:113493 mv:15409 misc:2770 imb:106 pmb:1252 smb:5362 d:- ref:0 ;
in:230 out:232 type:b dur:2 cpbdur:2 q:14.26 aq:10.37 tex:59397 mv:12394 misc:2793 imb:105 pmb:1080 smb:5535 d:- ref:0 ;
in:232 out:233 type:b dur:2 cpbdur:2 q:14.20 aq:9.52 tex:60840 mv:11410 misc:2662 imb:69 pmb:1072 smb:5579 d:- ref:0 ;
in:237 out:234 type:P dur:2 cpbdur:2 q:11.50 aq:4.46 tex:340025 mv:9005 misc:2210 imb:749 pmb:844 smb:5127 d:- ref:0 ;
in:235 out:235 type:B dur:2 cpbdur:2 q:13.84 aq:8.18 tex:178604 mv:11127 misc:1781 imb:187 pmb:842 smb:5691 d:- ref:0 ;
in:234 out:236 type:b dur:2 cpbdur:2 q:13.84 aq:9.71 tex:131270 mv:8661 misc:1701 imb:100 pmb:745 smb:5875 d:- ref:0 ;
in:236 out:237 type:b dur:2 cpbdur:2 q:13.84 aq:9.76 tex:67588 mv:7999 misc:1661 imb:56 pmb:751 smb:5913 d:- ref:0 ;
in:239 out:238 type:P dur:2 cpbdur:2 q:10.83 aq:4.12 tex:310250 mv:8289 misc:2277 imb:631 pmb:755 smb:5334 d:- ref:0 ;
in:238 out:239 type:b dur:2 cpbdur:2 q:11.71 aq:6.05 tex:126183 mv:7203 misc:1574 imb:34 pmb:754 smb:5932 d:- ref:0 ;
in:243 out:240 type:P dur:2 cpbdur:2 q:10.42 aq:3.63 tex:320385 mv:8546 misc:2389 imb:794 pmb:702 smb:5224 d:- ref:0 ;
in:241 out:241 type:B dur:2 cpbdur:2 q:11.08 aq:5.47 tex:182494 mv:10592 misc:1938 imb:224 pmb:774 smb:5722 d:- ref:0 ;
in:240 out:242 type:b dur:2 cpbdur:2 q:11.08 aq:7.02 tex:69533 mv:7048 misc:1915 imb:48 pmb:701 smb:5971 d:- ref:0 ;
in:242 out:243 type:b dur:2 cpbdur:2 q:11.08 aq:9.17 tex:126766 mv:6713 misc:1521 imb:70 pmb:724 smb:5926 d:- ref:0 ;
in:245 out:244 type:P dur:2 cpbdur:2 q:10.24 aq:3.87 tex:322805 mv:8829 misc:1998 imb:639 pmb:631 smb:5450 d:- ref:0 ;
in:244 out:245 type:b dur:2 cpbdur:2 q:10.78 aq:7.20 tex:162928 mv:8121 misc:1535 imb:90 pmb:652 smb:5978 d:- ref:0 ;
in:249 out:246 type:P dur:2 cpbdur:2 q:10.93 aq:4.96 tex:245447 mv:8849 misc:1344 imb:507 pmb:566 smb:5647 d:- ref:0 ;
in:247 out:247 type:B dur:2 cpbdur:2 q:10.92 aq:5.29 tex:135789 mv:9894 misc:1581 imb:102 pmb:749 smb:5869 d:- ref:0 ;
in:246 out:248 type:b dur:2 cpbdur:2 q:10.92 aq:8.68 tex:88724 mv:7643 misc:1529 imb:55 pmb:652 smb:6013 d:- ref:0 ;
in:248 out:249 type:b dur:2 cpbdur:2 q:10.93 aq:8.30 tex:69940 mv:6882 misc:1562 imb:40 pmb:629 smb:6051 d:- ref:0 ;
in:250 out:250 type:I dur:2 cpbdur:2 q:7.68 aq:0.93 tex:618422 mv:34391 misc:507 imb:6720 pmb:0 smb:0 d:- ref:;
in:251 out:251 type:P dur:2 cpbdur:2 q:10.78 aq:7.15 tex:148755 mv:5849 misc:1092 imb:477 pmb:401 smb:5842 d:- ref:0 ;
in:252 out:252 type:P dur:2 cpbdur:2 q:10.69 aq:6.39 tex:239086 mv:7398 misc:820 imb:581 pmb:413 smb:5726 d:- ref:0 ;
in:254 out:253 type:P dur:2 cpbdur:2 q:10.78 aq:5.44 tex:304845 mv:8603 misc:768 imb:783 pmb:349 smb:5588 d:- ref:0 ;
in:253 out:254 type:b dur:2 cpbdur:2 q:10.84 aq:8.76 tex:215671 mv:11053 misc:1036 imb:367 pmb:651 smb:5702 d:- ref:0 ;
in:256 out:255 type:P dur:2 cpbdur:2 q:10.99 aq:5.42 tex:309175 mv:8123 misc:734 imb:811 pmb:315 smb:5594 d:- ref:0 ;
in:255 out:256 type:b dur:2 cpbdur:2 q:11.14 aq:8.76 tex:209253 mv:10538 misc:1065 imb:307 pmb:670 smb:5743 d:- ref:0 ;
in:257 out:257 type:P dur:2 cpbdur:2 q:10.96 aq:5.55 tex:269433 mv:7745 misc:838 imb:636 pmb:439 smb:5645 d:- ref:0 ;
in:258 out:258 type:P dur:2 cpbdur:2 q:10.04 aq:4.98 tex:206256 mv:6877 misc:931 imb:475 pmb:522 smb:5723 d:- ref:0 ;
in:262 out:259 type:P dur:2 cpbdur:2 q:10.19 aq:4.85 tex:276590 mv:7620 misc:814 imb:602 pmb:457 smb:5661 d:- ref:0 ;
in:260 out:260 type:B dur:2 cpbdur:2 q:10.41 aq:8.31 tex:137390 mv:8673 misc:1209 imb:139 pmb:720 smb:5861 d:- ref:0 ;
in:259 out:261 type:b dur:2 cpbdur:2 q:10.41 aq:8.93 tex:104729 mv:8152 misc:1247 imb:141 pmb:686 smb:5893 d:- ref:0 ;
in:261 out:262 type:b dur:2 cpbdur:2 q:10.41 aq:8.69 tex:103768 mv:6747 misc:1221 imb:91 pmb:740 smb:5889 d:- ref:0 ;
in:266 out:263 type:P dur:2 cpbdur:2 q:9.89 aq:6.43 tex:197295 mv:6967 misc:882 imb:549 pmb:505 smb:5666 d:- ref:0 ;
in:264 out:264 type:B dur:2 cpbdur:2 q:10.39 aq:7.64 tex:138955 mv:6533 misc:1152 imb:78 pmb:728 smb:5914 d:- ref:0 ;
in:263 out:265 type:b dur:2 cpbdur:2 q:10.39 aq:9.79 tex:70926 mv:5335 misc:1275 imb:58 pmb:655 smb:6007 d:- ref:0 ;
in:265 out:266 type:b dur:2 cpbdur:2 q:10.38 aq:8.24 tex:75758 mv:3449 misc:1409 imb:27 pmb:694 smb:5999 d:- ref:0 ;
in:267 out:267 type:P dur:2 cpbdur:2 q:10.16 aq:6.27 tex:254986 mv:7739 misc:891 imb:802 pmb:247 smb:5671 d:- ref:0 ;
in:268 out:268 type:P dur:2 cpbdur:2 q:10.39 aq:6.55 tex:257494 mv:9614 misc:684 imb:791 pmb:369 smb:5560 d:- ref:0 ;
in:269 out:269 type:P dur:2 cpbdur:2 q:10.43 aq:6.35 tex:281943 mv:7894 misc:691 imb:972 pmb:149 smb:5599 d:- ref:0 ;
in:270 out:270 type:P dur:2 cpbdur:2 q:10.70 aq:6.84 tex:270448 mv:7321 misc:751 imb:929 pmb:112 smb:5679 d:- ref:0 ;
in:271 out:271 type:P dur:2 cpbdur:2 q:10.76 aq:5.78 tex:208939 mv:6458 misc:739 imb:858 pmb:73 smb:5789 d:- ref:0 ;
in:272 out:272 type:P dur:2 cpbdur:2 q:9.26 aq:5.01 tex:180164 mv:5734 misc:766 imb:695 pmb:104 smb:5921 d:- ref:0 ;
in:273 out:273 type:P dur:2 cpbdur:2 q:9.21 aq:4.35 tex:117110 mv:5009 misc:753 imb:504 pmb:162 smb:6054 d:- ref:0 ;
in:274 out:274 type:P dur:2 cpbdur:2 q:8.17 aq:3.38 tex:167620 mv:5276 misc:744 imb:564 pmb:140 smb:6016 d:- ref:0 ;
in:275 out:275 type:P dur:2 cpbdur:2 q:8.44 aq:3.80 tex:198312 mv:6990 misc:778 imb:661 pmb:187 smb:5872 d:- ref:0 ;
in:276 out:276 type:P dur:2 cpbdur:2 q:8.05 aq:3.14 tex:220828 mv:8014 misc:718 imb:875 pmb:156 smb:5689 d:- ref:0 ;
in:277 out:277 type:P dur:2 cpbdur:2 q:7.98 aq:3.99 tex:226925 mv:10024 misc:835 imb:854 pmb:284 smb:5582 d:- ref:0 ;
in:278 out:278 type:P dur:2 cpbdur:2 q:8.02 aq:3.76 tex:323283 mv:8491 misc:754 imb:1191 pmb:126 smb:5403 d:- ref:0 ;
in:279 out:279 type:P dur:2 cpbdur:2 q:8.42 aq:4.14 tex:271895 mv:9823 misc:762 imb:1238 pmb:264 smb:5218 d:- ref:0 ;
in:280 out:280 type:P dur:2 cpbdur:2 q:8.78 aq:5.36 tex:318060 mv:11154 misc:914 imb:1323 pmb:259 smb:5138 d:- ref:0 ;
in:281 out:281 type:P dur:2 cpbdur:2 q:9.07 aq:4.07 tex:346425 mv:11765 misc:1042 imb:1563 pmb:254 smb:4903 d:- ref:0 ;
in:282 out:282 type:P dur:2 cpbdur:2 q:9.41 aq:5.85 tex:356787 mv:14314 misc:1235 imb:1684 pmb:388 smb:4648 d:- ref:0 ;
in:283 out:283 type:P dur:2 cpbdur:2 q:9.68 aq:5.51 tex:370203 mv:16287 misc:1286 imb:1903 pmb:486 smb:4331 d:- ref:0 ;
in:284 out:284 type:P dur:2 cpbdur:2 q:9.53 aq:4.90 tex:374952 mv:15422 misc:1714 imb:1874 pmb:550 smb:4296 d:- ref:0 ;
in:285 out:285 type:P dur:2 cpbdur:2 q:9.86 aq:4.39 tex:323067 mv:15956 misc:1889 imb:1844 pmb:617 smb:4259 d:- ref:0 ;
in:286 out:286 type:P dur:2 cpbdur:2 q:10.04 aq:4.11 tex:299714 mv:15466 misc:2068 imb:1560 pmb:588 smb:4572 d:- ref:0 ;
in:287 out:287 type:P dur:2 cpbdur:2 q:10.02 aq:4.34 tex:269562 mv:14395 misc:2219 imb:1419 pmb:595 smb:4706 d:- ref:0 ;
in:288 out:288 type:P dur:2 cpbdur:2 q:8.88 aq:3.00 tex:267937 mv:13932 misc:2691 imb:1755 pmb:699 smb:4266 d:- ref:0 ;
in:290 out:289 type:P dur:2 cpbdur:2 q:8.86 aq:2.73 tex:382490 mv:15562 misc:2764 imb:1758 pmb:578 smb:4384 d:- ref:0 ;
in:289 out:290 type:b dur:2 cpbdur:2 q:9.29 aq:5.28 tex:207827 mv:16714 misc:3011 imb:192 pmb:1354 smb:5174 d:- ref:0 ;
in:293 out:291 type:P dur:2 cpbdur:2 q:8.82 aq:1.70 tex:477862 mv:16525 misc:2165 imb:3114 pmb:420 smb:3186 d:- ref:0 ;
in:291 out:292 type:B dur:2 cpbdur:2 q:9.39 aq:5.06 tex:322705 mv:20002 misc:3101 imb:258 pmb:1442 smb:5020 d:- ref:0 ;
in:292 out:293 type:b dur:2 cpbdur:2 q:9.39 aq:5.94 tex:289371 mv:20209 misc:3012 imb:207 pmb:1508 smb:5005 d:- ref:0 ;
in:294 out:294 type:P dur:2 cpbdur:2 q:8.80 aq:2.24 tex:343523 mv:13906 misc:2347 imb:1932 pmb:713 smb:4075 d:- ref:0 ;
in:295 out:295 type:P dur:2 cpbdur:2 q:8.94 aq:1.64 tex:342556 mv:13402 misc:1962 imb:1965 pmb:707 smb:4048 d:- ref:0 ;
in:296 out:296 type:P dur:2 cpbdur:2 q:9.16 aq:2.92 tex:330858 mv:10355 misc:2387 imb:962 pmb:642 smb:5116 d:- ref:0 ;
in:300 out:297 type:P dur:2 cpbdur:2 q:9.26 aq:3.25 tex:476150 mv:13499 misc:2463 imb:1274 pmb:691 smb:4755 d:- ref:0 ;
in:298 out:298 type:B dur:2 cpbdur:2 q:9.55 aq:4.71 tex:268939 mv:16496 misc:2381 imb:236 pmb:1104 smb:5380 d:- ref:0 ;
in:297 out:299 type:b dur:2 cpbdur:2 q:9.72 aq:6.58 tex:180658 mv:13770 misc:2252 imb:142 pmb:1096 smb:5482 d:- ref:0 ;
in:299 out:300 type:b dur:2 cpbdur:2 q:9.72 aq:7.33 tex:144624 mv:13566 misc:2250 imb:91 pmb:1135 smb:5494 d:- ref:0 ;
in:303 out:301 type:P dur:2 cpbdur:2 q:9.37 aq:2.11 tex:478664 mv:15498 misc:1758 imb:2585 pmb:611 smb:3524 d:- ref:0 ;
in:301 out:302 type:B dur:2 cpbdur:2 q:9.61 aq:5.93 tex:223976 mv:16092 misc:2124 imb:384 pmb:1007 smb:5329 d:- ref:0 ;
in:302 out:303 type:b dur:2 cpbdur:2 q:9.81 aq:6.21 tex:201026 mv:15254 misc:2152 imb:317 pmb:1244 smb:5159 d:- ref:0 ;
in:307 out:304 type:P dur:2 cpbdur:2 q:9.40 aq:1.52 tex:593265 mv:17529 misc:1382 imb:2879 pmb:650 smb:3191 d:- ref:0 ;
in:305 out:305 type:B dur:2 cpbdur:2 q:9.65 aq:5.07 tex:308423 mv:21154 misc:2191 imb:685 pmb:1053 smb:4982 d:- ref:0 ;
in:304 out:306 type:b dur:2 cpbdur:2 q:9.87 aq:5.83 tex:210652 mv:17556 misc:2320 imb:524 pmb:1065 smb:5131 d:- ref:0 ;
in:306 out:307 type:b dur:2 cpbdur:2 q:9.88 aq:5.55 tex:234936 mv:17413 misc:2219 imb:385 pmb:1140 smb:5195 d:- ref:0 ;
in:311 out:308 type:P dur:2 cpbdur:2 q:9.44 aq:1.34 tex:606959 mv:13388 misc:1597 imb:2066 pmb:665 smb:3989 d:- ref:0 ;
in:309 out:309 type:B dur:2 cpbdur:2 q:9.77 aq:5.98 tex:289946 mv:14913 misc:1701 imb:280 pmb:1088 smb:5352 d:- ref:0 ;
in:308 out:310 type:b dur:2 cpbdur:2 q:10.05 aq:7.49 tex:161733 mv:12416 misc:1947 imb:130 pmb:1151 smb:5439 d:- ref:0 ;
in:310 out:311 type:b dur:2 cpbdur:2 q:10.01 aq:7.78 tex:114903 mv:10649 misc:1592 imb:181 pmb:811 smb:5728 d:- ref:0 ;
in:315 out:312 type:P dur:2 cpbdur:2 q:9.30 aq:2.58 tex:546636 mv:10290 misc:1234 imb:426 pmb:842 smb:5452 d:- ref:0 ;
in:313 out:313 type:B dur:2 cpbdur:2 q:9.70 aq:7.09 tex:192190 mv:12025 misc:1225 imb:57 pmb:1080 smb:5583 d:- ref:0 ;
in:312 out:314 type:b dur:2 cpbdur:2 q:9.97 aq:8.50 tex:109238 mv:10438 misc:1404 imb:103 pmb:851 smb:5766 d:- ref:0 ;
in:314 out:315 type:b dur:2 cpbdur:2 q:9.94 aq:7.41 tex:105559 mv:8983 misc:1314 imb:25 pmb:964 smb:5731 d:- ref:0 ;
in:319 out:316 type:P dur:2 cpbdur:2 q:9.71 aq:3.38 tex:509461 mv:9579 misc:1008 imb:386 pmb:867 smb:5467 d:- ref:0 ;
in:317 out:317 type:B dur:2 cpbdur:2 q:9.71 aq:6.49 tex:179211 mv:11299 misc:1290 imb:52 pmb:1068 smb:5600 d:- ref:0 ;
in:316 out:318 type:b dur:2 cpbdur:2 q:9.71 aq:7.72 tex:77469 mv:6365 misc:1622 imb:10 pmb:807 smb:5903 d:- ref:0 ;
in:318 out:319 type:b dur:2 cpbdur:2 q:9.71 aq:7.33 tex:119125 mv:8210 misc:1393 imb:36 pmb:936 smb:5748 d:- ref:0 ;
in:323 out:320 type:P dur:2 cpbdur:2 q:9.80 aq:2.96 tex:462616 mv:9524 misc:996 imb:437 pmb:822 smb:5461 d:- ref:0 ;
in:321 out:321 type:B dur:2 cpbdur:2 q:9.80 aq:7.22 tex:153962 mv:10549 misc:1233 imb:47 pmb:1049 smb:5624 d:- ref:0 ;
in:320 out:322 type:b dur:2 cpbdur:2 q:9.80 aq:7.12 tex:85890 mv:7213 misc:1481 imb:20 pmb:842 smb:5858 d:- ref:0 ;
in:322 out:323 type:b dur:2 cpbdur:2 q:9.80 aq:7.31 tex:109392 mv:8342 misc:1450 imb:23 pmb:956 smb:5741 d:- ref:0 ;
in:327 out:324 type:P dur:2 cpbdur:2 q:9.96 aq:3.05 tex:451775 mv:9629 misc:948 imb:477 pmb:771 smb:5472 d:- ref:0 ;
in:325 out:325 type:B dur:2 cpbdur:2 q:10.05 aq:7.14 tex:159026 mv:11321 misc:1349 imb:144 pmb:920 smb:5656 d:- ref:0 ;
in:324 out:326 type:b dur:2 cpbdur:2 q:10.06 aq:7.88 tex:72588 mv:6400 misc:1484 imb:17 pmb:718 smb:5985 d:- ref:0 ;
in:326 out:327 type:b dur:2 cpbdur:2 q:10.05 aq:8.01 tex:92866 mv:8678 misc:1504 imb:42 pmb:905 smb:5773 d:- ref:0 ;
in:331 out:328 type:P dur:2 cpbdur:2 q:9.95 aq:2.75 tex:379907 mv:9619 misc:1066 imb:526 pmb:755 smb:5439 d:- ref:0 ;
in:329 out:329 type:B dur:2 cpbdur:2 q:10.09 aq:7.00 tex:184215 mv:11504 misc:1257 imb:93 pmb:985 smb:5642 d:- ref:0 ;
in:328 out:330 type:b dur:2 cpbdur:2 q:10.09 aq:8.93 tex:94784 mv:7931 misc:1469 imb:23 pmb:813 smb:5884 d:- ref:0 ;
in:330 out:331 type:b dur:2 cpbdur:2 q:10.09 aq:8.63 tex:89685 mv:7674 misc:1457 imb:34 pmb:874 smb:5812 d:- ref:0 ;
in:334 out:332 type:P dur:2 cpbdur:2 q:10.01 aq:4.28 tex:423779 mv:9477 misc:952 imb:565 pmb:641 smb:5514 d:- ref:0 ;
in:332 out:333 type:B dur:2 cpbdur:2 q:10.33 aq:7.84 tex:196301 mv:10459 misc:1384 imb:158 pmb:817 smb:5745 d:- ref:0 ;
in:333 out:334 type:b dur:2 cpbdur:2 q:10.35 aq:8.36 tex:223290 mv:9926 misc:1336 imb:263 pmb:722 smb:5735 d:- ref:0 ;
in:336 out:335 type:P dur:2 cpbdur:2 q:8.73 aq:2.68 tex:545838 mv:9585 misc:1177 imb:684 pmb:574 smb:5462 d:- ref:0 ;
in:335 out:336 type:b dur:2 cpbdur:2 q:10.35 aq:9.29 tex:303429 mv:11864 misc:1131 imb:304 pmb:830 smb:5586 d:- ref:0 ;
in:338 out:337 type:P dur:2 cpbdur:2 q:7.82 aq:2.47 tex:649911 mv:8218 misc:1495 imb:830 pmb:466 smb:5424 d:- ref:0 ;
in:337 out:338 type:b dur:2 cpbdur:2 q:8.99 aq:8.05 tex:346440 mv:9233 misc:1247 imb:168 pmb:819 smb:5733 d:- ref:0 ;
in:341 out:339 type:P dur:2 cpbdur:2 q:6.93 aq:1.51 tex:642916 mv:8949 misc:1759 imb:637 pmb:683 smb:5400 d:- ref:0 ;
in:339 out:340 type:B dur:2 cpbdur:2 q:8.19 aq:6.33 tex:336342 mv:8484 misc:1398 imb:103 pmb:800 smb:5817 d:- ref:0 ;
in:340 out:341 type:b dur:2 cpbdur:2 q:8.43 aq:7.15 tex:160480 mv:7181 misc:1371 imb:90 pmb:675 smb:5955 d:- ref:0 ;
in:345 out:342 type:P dur:2 cpbdur:2 q:7.44 aq:1.43 tex:407334 mv:8092 misc:1742 imb:287 pmb:756 smb:5677 d:- ref:0 ;
in:343 out:343 type:B dur:2 cpbdur:2 q:7.51 aq:5.22 tex:152530 mv:8773 misc:1449 imb:38 pmb:747 smb:5935 d:- ref:0 ;
in:342 out:344 type:b dur:2 cpbdur:2 q:7.51 aq:6.63 tex:133033 mv:7298 misc:1341 imb:25 pmb:715 smb:5980 d:- ref:0 ;
in:344 out:345 type:b dur:2 cpbdur:2 q:7.52 aq:6.32 tex:111467 mv:6971 misc:1378 imb:25 pmb:685 smb:6010 d:- ref:0 ;
in:349 out:346 type:P dur:2 cpbdur:2 q:7.59 aq:1.47 tex:396190 mv:7531 misc:1631 imb:332 pmb:740 smb:5648 d:- ref:0 ;
in:347 out:347 type:B dur:2 cpbdur:2 q:7.59 aq:5.71 tex:163696 mv:9032 misc:1400 imb:37 pmb:740 smb:5943 d:- ref:0 ;
in:346 out:348 type:b dur:2 cpbdur:2 q:7.59 aq:6.19 tex:97933 mv:5928 misc:1515 imb:12 pmb:656 smb:6052 d:- ref:0 ;
in:348 out:349 type:b dur:2 cpbdur:2 q:7.59 aq:7.00 tex:75607 mv:4985 misc:1384 imb:8 pmb:526 smb:6186 d:- ref:0 ;
in:353 out:350 type:P dur:2 cpbdur:2 q:7.71 aq:1.69 tex:381026 mv:7240 misc:1510 imb:317 pmb:688 smb:5715 d:- ref:0 ;
in:351 out:351 type:B dur:2 cpbdur:2 q:7.71 aq:4.67 tex:154082 mv:8616 misc:1478 imb:42 pmb:690 smb:5988 d:- ref:0 ;
in:350 out:352 type:b dur:2 cpbdur:2 q:7.71 aq:7.10 tex:72972 mv:4938 misc:1418 imb:10 pmb:509 smb:6201 d:- ref:0 ;
in:352 out:353 type:b dur:2 cpbdur:2 q:7.71 aq:6.33 tex:79889 mv:5163 misc:1444 imb:9 pmb:518 smb:6193 d:- ref:0 ;
in:357 out:354 type:P dur:2 cpbdur:2 q:7.81 aq:1.83 tex:326402 mv:7173 misc:1457 imb:335 pmb:657 smb:5728 d:- ref:0 ;
in:355 out:355 type:B dur:2 cpbdur:2 q:7.81 aq:4.65 tex:160829 mv:8239 misc:1468 imb:50 pmb:688 smb:5982 d:- ref:0 ;
in:354 out:356 type:b dur:2 cpbdur:2 q:7.81 aq:6.37 tex:76115 mv:4841 misc:1436 imb:16 pmb:499 smb:6205 d:- ref:0 ;
in:356 out:357 type:b dur:2 cpbdur:2 q:7.81 aq:6.47 tex:74439 mv:4885 misc:1404 imb:10 pmb:490 smb:6220 d:- ref:0 ;
in:361 out:358 type:P dur:2 cpbdur:2 q:8.01 aq:1.21 tex:375084 mv:6447 misc:1365 imb:777 pmb:373 smb:5570 d:- ref:0 ;
in:359 out:359 type:B dur:2 cpbdur:2 q:8.05 aq:5.33 tex:57635 mv:6487 misc:1518 imb:111 pmb:491 smb:6118 d:- ref:0 ;
in:358 out:360 type:b dur:2 cpbdur:2 q:8.05 aq:6.90 tex:120468 mv:5662 misc:1358 imb:37 pmb:610 smb:6073 d:- ref:0 ;
in:360 out:361 type:b dur:2 cpbdur:2 q:8.05 aq:7.77 tex:54461 mv:3691 misc:1176 imb:9 pmb:394 smb:6317 d:- ref:0 ;
in:365 out:362 type:P dur:2 cpbdur:2 q:8.19 aq:2.69 tex:456035 mv:6430 misc:1327 imb:427 pmb:467 smb:5826 d:- ref:0 ;
in:363 out:363 type:B dur:2 cpbdur:2 q:8.24 aq:6.00 tex:179778 mv:7777 misc:1413 imb:55 pmb:654 smb:6011 d:- ref:0 ;
in:362 out:364 type:b dur:2 cpbdur:2 q:8.23 aq:8.08 tex:84417 mv:4623 misc:1336 imb:20 pmb:490 smb:6210 d:- ref:0 ;
in:364 out:365 type:b dur:2 cpbdur:2 q:8.24 aq:7.07 tex:74071 mv:5060 misc:1437 imb:12 pmb:536 smb:6172 d:- ref:0 ;
in:369 out:366 type:P dur:2 cpbdur:2 q:8.48 aq:3.17 tex:395448 mv:6469 misc:1235 imb:329 pmb:563 smb:5828 d:- ref:0 ;
in:367 out:367 type:B dur:2 cpbdur:2 q:8.58 aq:6.30 tex:194120 mv:6777 misc:1407 imb:59 pmb:645 smb:6016 d:- ref:0 ;
in:366 out:368 type:b dur:2 cpbdur:2 q:8.58 aq:6.73 tex:54797 mv:3481 misc:1314 imb:14 pmb:406 smb:6300 d:- ref:0 ;
in:368 out:369 type:b dur:2 cpbdur:2 q:8.58 aq:8.40 tex:88069 mv:4044 misc:1391 imb:24 pmb:504 smb:6192 d:- ref:0 ;
in:373 out:370 type:P dur:2 cpbdur:2 q:8.64 aq:5.23 tex:306283 mv:5947 misc:1290 imb:255 pmb:589 smb:5876 d:- ref:0 ;
in:371 out:371 type:B dur:2 cpbdur:2 q:8.82 aq:5.82 tex:134044 mv:5666 misc:1586 imb:38 pmb:599 smb:6083 d:- ref:0 ;
in:370 out:372 type:b dur:2 cpbdur:2 q:8.85 aq:8.93 tex:55454 mv:3296 misc:1514 imb:15 pmb:451 smb:6254 d:- ref:0 ;
in:372 out:373 type:b dur:2 cpbdur:2 q:8.85 aq:9.06 tex:11122 mv:1734 misc:1240 imb:3 pmb:261 smb:6456 d:- ref:0 ;
in:377 out:374 type:P dur:2 cpbdur:2 q:8.92 aq:1.45 tex:381969 mv:7837 misc:1106 imb:392 pmb:547 smb:5781 d:- ref:0 ;
in:375 out:375 type:B dur:2 cpbdur:2 q:9.02 aq:6.12 tex:78295 mv:2787 misc:1670 imb:31 pmb:549 smb:6140 d:- ref:0 ;
in:374 out:376 type:b dur:2 cpbdur:2 q:9.11 aq:8.79 tex:5569 mv:1428 misc:1259 imb:7 pmb:285 smb:6428 d:- ref:0 ;
in:376 out:377 type:b dur:2 cpbdur:2 q:9.11 aq:5.12 tex:165870 mv:9637 misc:1341 imb:69 pmb:775 smb:5876 d:- ref:0 ;
in:381 out:378 type:P dur:2 cpbdur:2 q:8.80 aq:1.26 tex:463114 mv:9979 misc:1075 imb:899 pmb:319 smb:5502 d:- ref:0 ;
in:379 out:379 type:B dur:2 cpbdur:2 q:9.15 aq:4.29 tex:314899 mv:15528 misc:1405 imb:115 pmb:918 smb:5687 d:- ref:0 ;
in:378 out:380 type:b dur:2 cpbdur:2 q:9.15 aq:5.35 tex:190692 mv:12497 misc:1211 imb:70 pmb:863 smb:5787 d:- ref:0 ;
in:380 out:381 type:b dur:2 cpbdur:2 q:9.15 aq:4.52 tex:247505 mv:14166 misc:1345 imb:70 pmb:936 smb:5714 d:- ref:0 ;
in:385 out:382 type:P dur:2 cpbdur:2 q:8.90 aq:1.60 tex:396450 mv:10605 misc:953 imb:1216 pmb:265 smb:5239 d:- ref:0 ;
in:383 out:383 type:B dur:2 cpbdur:2 q:8.97 aq:3.10 tex:312991 mv:17785 misc:1584 imb:132 pmb:1016 smb:5572 d:- ref:0 ;
in:382 out:384 type:b dur:2 cpbdur:2 q:8.97 aq:3.74 tex:219416 mv:15284 misc:1244 imb:70 pmb:965 smb:5685 d:- ref:0 ;
in:384 out:385 type:b dur:2 cpbdur:2 q:8.98 aq:4.44 tex:245729 mv:15934 misc:1617 imb:90 pmb:1019 smb:5611 d:- ref:0 ;
in:387 out:386 type:P dur:2 cpbdur:2 q:8.91 aq:1.25 tex:270962 mv:10399 misc:1175 imb:1149 pmb:328 smb:5243 d:- ref:0 ;
in:386 out:387 type:b dur:2 cpbdur:2 q:8.98 aq:4.72 tex:229466 mv:13739 misc:1803 imb:108 pmb:988 smb:5624 d:- ref:0 ;
in:389 out:388 type:P dur:2 cpbdur:2 q:9.36 aq:1.26 tex:286269 mv:10454 misc:1213 imb:1655 pmb:193 smb:4872 d:- ref:0 ;
in:388 out:389 type:b dur:2 cpbdur:2 q:9.37 aq:4.29 tex:190945 mv:11727 misc:2232 imb:231 pmb:855 smb:5634 d:- ref:0 ;
in:390 out:390 type:P dur:2 cpbdur:2 q:9.63 aq:3.36 tex:268446 mv:11434 misc:1832 imb:1040 pmb:386 smb:5294 d:- ref:0 ;
in:391 out:391 type:P dur:2 cpbdur:2 q:9.98 aq:4.42 tex:282443 mv:12280 misc:1309 imb:1608 pmb:357 smb:4755 d:- ref:0 ;
in:392 out:392 type:P dur:2 cpbdur:2 q:10.05 aq:4.15 tex:280951 mv:12602 misc:1479 imb:1521 pmb:366 smb:4833 d:- ref:0 ;
in:393 out:393 type:P dur:2 cpbdur:2 q:9.31 aq:4.03 tex:276440 mv:13542 misc:1682 imb:1415 pmb:461 smb:4844 d:- ref:0 ;
in:394 out:394 type:I dur:2 cpbdur:2 q:5.54 aq:0.82 tex:349113 mv:34212 misc:507 imb:6720 pmb:0 smb:0 d:- ref:;
in:395 out:395 type:P dur:2 cpbdur:2 q:8.48 aq:2.52 tex:273604 mv:16756 misc:1552 imb:2436 pmb:682 smb:3602 d:- ref:0 ;
in:396 out:396 type:P dur:2 cpbdur:2 q:8.55 aq:3.41 tex:325849 mv:15283 misc:1596 imb:1589 pmb:546 smb:4585 d:- ref:0 ;
in:397 out:397 type:P dur:2 cpbdur:2 q:8.85 aq:3.21 tex:424265 mv:19510 misc:1553 imb:2590 pmb:624 smb:3506 d:- ref:0 ;
in:398 out:398 type:P dur:2 cpbdur:2 q:9.07 aq:2.21 tex:407129 mv:21068 misc:1939 imb:2395 pmb:675 smb:3650 d:- ref:0 ;
in:399 out:399 type:P dur:2 cpbdur:2 q:9.54 aq:4.11 tex:373208 mv:21254 misc:2066 imb:1887 pmb:889 smb:3944 d:- ref:0 ;
in:400 out:400 type:P dur:2 cpbdur:2 q:9.59 aq:3.52 tex:417401 mv:21778 misc:2253 imb:2578 pmb:777 smb:3365 d:- ref:0 ;
in:401 out:401 type:P dur:2 cpbdur:2 q:9.79 aq:2.59 tex:345227 mv:20574 misc:2047 imb:3129 pmb:734 smb:2857 d:- ref:0 ;
in:402 out:402 type:P dur:2 cpbdur:2 q:8.87 aq:2.27 tex:304913 mv:16578 misc:2349 imb:1815 pmb:585 smb:4320 d:- ref:0 ;
in:403 out:403 type:P dur:2 cpbdur:2 q:9.00 aq:1.52 tex:257213 mv:14677 misc:2222 imb:2736 pmb:503 smb:3481 d:- ref:0 ;
in:404 out:404 type:P dur:2 cpbdur:2 q:9.28 aq:2.15 tex:200337 mv:12436 misc:1771 imb:1685 pmb:471 smb:4564 d:- ref:0 ;
in:405 out:405 type:P dur:2 cpbdur:2 q:9.55 aq:1.44 tex:154490 mv:9591 misc:1767 imb:1737 pmb:336 smb:4647 d:- ref:0 ;
in:406 out:406 type:P dur:2 cpbdur:2 q:9.57 aq:2.89 tex:162621 mv:8020 misc:1711 imb:826 pmb:311 smb:5583 d:- ref:0 ;
in:407 out:407 type:P dur:2 cpbdur:2 q:9.85 aq:4.73 tex:247337 mv:10066 misc:1573 imb:1100 pmb:375 smb:5245 d:- ref:0 ;
in:408 out:408 type:P dur:2 cpbdur:2 q:9.95 aq:3.82 tex:299490 mv:13098 misc:1380 imb:1911 pmb:360 smb:4449 d:- ref:0 ;
in:409 out:409 type:P dur:2 cpbdur:2 q:9.98 aq:5.83 tex:344174 mv:11011 misc:1679 imb:1049 pmb:359 smb:5312 d:- ref:0 ;
in:410 out:410 type:P dur:2 cpbdur:2 q:10.17 aq:2.50 tex:370816 mv:14134 misc:1530 imb:1697 pmb:417 smb:4606 d:- ref:0 ;
in:411 out:411 type:P dur:2 cpbdur:2 q:10.48 aq:3.19 tex:430158 mv:13776 misc:1810 imb:1388 pmb:446 smb:4886 d:- ref:0 ;
in:412 out:412 type:P dur:2 cpbdur:2 q:10.69 aq:2.69 tex:405812 mv:16353 misc:1651 imb:2231 pmb:554 smb:3935 d:- ref:0 ;
in:413 out:413 type:P dur:2 cpbdur:2 q:10.71 aq:2.81 tex:317638 mv:13963 misc:1527 imb:1318 pmb:648 smb:4754 d:- ref:0 ;
in:414 out:414 type:P dur:2 cpbdur:2 q:10.68 aq:2.50 tex:350072 mv:14624 misc:1584 imb:1382 pmb:768 smb:4570 d:- ref:0 ;
in:415 out:415 type:P dur:2 cpbdur:2 q:10.67 aq:2.28 tex:349142 mv:14627 misc:1719 imb:1255 pmb:874 smb:4591 d:- ref:0 ;
in:416 out:416 type:P dur:2 cpbdur:2 q:10.71 aq:1.84 tex:306362 mv:13221 misc:1865 imb:900 pmb:908 smb:4912 d:- ref:0 ;
in:417 out:417 type:P dur:2 cpbdur:2 q:10.74 aq:2.08 tex:359745 mv:13807 misc:1328 imb:1642 pmb:863 smb:4215 d:- ref:0 ;
in:418 out:418 type:P dur:2 cpbdur:2 q:10.64 aq:2.06 tex:316469 mv:10641 misc:1458 imb:801 pmb:798 smb:5121 d:- ref:0 ;
in:419 out:419 type:P dur:2 cpbdur:2 q:10.75 aq:1.54 tex:362666 mv:11846 misc:1608 imb:1287 pmb:727 smb:4706 d:- ref:0 ;
in:420 out:420 type:P dur:2 cpbdur:2 q:11.15 aq:2.60 tex:376563 mv:10205 misc:1912 imb:780 pmb:711 smb:5229 d:- ref:0 ;
in:421 out:421 type:P dur:2 cpbdur:2 q:11.79 aq:3.46 tex:346431 mv:10073 misc:1936 imb:700 pmb:722 smb:5298 d:- ref:0 ;
in:422 out:422 type:P dur:2 cpbdur:2 q:11.50 aq:3.20 tex:346495 mv:9466 misc:1391 imb:545 pmb:680 smb:5495 d:- ref:0 ;
in:424 out:423 type:P dur:2 cpbdur:2 q:11.94 aq:3.66 tex:504144 mv:8825 misc:1287 imb:951 pmb:311 smb:5458 d:- ref:0 ;
in:423 out:424 type:b dur:2 cpbdur:2 q:11.94 aq:10.24 tex:220235 mv:11497 misc:1508 imb:147 pmb:930 smb:5643 d:- ref:0 ;
in:425 out:425 type:P dur:2 cpbdur:2 q:11.54 aq:5.24 tex:306499 mv:8334 misc:1487 imb:364 pmb:762 smb:5594 d:- ref:0 ;
in:427 out:426 type:P dur:2 cpbdur:2 q:12.18 aq:6.88 tex:557976 mv:9749 misc:1291 imb:851 pmb:417 smb:5452 d:- ref:0 ;
in:426 out:427 type:b dur:2 cpbdur:2 q:12.20 aq:7.38 tex:181536 mv:10475 misc:1653 imb:76 pmb:1060 smb:5584 d:- ref:0 ;
in:428 out:428 type:P dur:2 cpbdur:2 q:11.95 aq:6.60 tex:308301 mv:7779 misc:1376 imb:352 pmb:850 smb:5518 d:- ref:0 ;
in:429 out:429 type:P dur:2 cpbdur:2 q:12.33 aq:6.48 tex:327784 mv:9240 misc:1608 imb:328 pmb:933 smb:5459 d:- ref:0 ;
in:431 out:430 type:P dur:2 cpbdur:2 q:12.55 aq:6.44 tex:470313 mv:12489 misc:2310 imb:578 pmb:1040 smb:5102 d:- ref:0 ;
in:430 out:431 type:b dur:2 cpbdur:2 q:12.59 aq:10.43 tex:112448 mv:10403 misc:2485 imb:64 pmb:1199 smb:5457 d:- ref:0 ;
in:434 out:432 type:P dur:2 cpbdur:2 q:13.34 aq:6.92 tex:584649 mv:17977 misc:1806 imb:1389 pmb:814 smb:4517 d:- ref:0 ;
in:432 out:433 type:B dur:2 cpbdur:2 q:13.35 aq:9.57 tex:133409 mv:16766 misc:2673 imb:193 pmb:1451 smb:5076 d:- ref:0 ;
in:433 out:434 type:b dur:2 cpbdur:2 q:13.35 aq:10.51 tex:116417 mv:17032 misc:2679 imb:166 pmb:1466 smb:5088 d:- ref:0 ;
in:435 out:435 type:P dur:2 cpbdur:2 q:12.77 aq:6.83 tex:330527 mv:15209 misc:2040 imb:796 pmb:1306 smb:4618 d:- ref:0 ;
in:437 out:436 type:P dur:2 cpbdur:2 q:13.14 aq:5.89 tex:580943 mv:18263 misc:1586 imb:1463 pmb:1015 smb:4242 d:- ref:0 ;
in:436 out:437 type:b dur:2 cpbdur:2 q:13.13 aq:10.59 tex:136388 mv:15790 misc:2926 imb:142 pmb:1636 smb:4942 d:- ref:0 ;
in:440 out:438 type:P dur:2 cpbdur:2 q:13.14 aq:5.67 tex:557253 mv:20292 misc:1591 imb:1350 pmb:1108 smb:4262 d:- ref:0 ;
in:438 out:439 type:B dur:2 cpbdur:2 q:13.27 aq:8.55 tex:258776 mv:20401 misc:2519 imb:319 pmb:1698 smb:4703 d:- ref:0 ;
in:439 out:440 type:b dur:2 cpbdur:2 q:13.27 aq:9.64 tex:231374 mv:18017 misc:2497 imb:241 pmb:1816 smb:4663 d:- ref:0 ;
in:443 out:441 type:P dur:2 cpbdur:2 q:13.62 aq:6.25 tex:612355 mv:20874 misc:1571 imb:1449 pmb:1064 smb:4207 d:- ref:0 ;
in:441 out:442 type:B dur:2 cpbdur:2 q:13.61 aq:9.40 tex:216295 mv:19444 misc:2525 imb:276 pmb:1634 smb:4810 d:- ref:0 ;
in:442 out:443 type:b dur:2 cpbdur:2 q:13.62 aq:11.09 tex:231730 mv:18318 misc:2688 imb:197 pmb:1681 smb:4842 d:- ref:0 ;
in:444 out:444 type:P dur:2 cpbdur:2 q:14.08 aq:7.24 tex:382535 mv:16922 misc:2015 imb:737 pmb:1421 smb:4562 d:- ref:0 ;
in:446 out:445 type:P dur:2 cpbdur:2 q:14.49 aq:7.41 tex:635738 mv:20739 misc:1571 imb:1557 pmb:871 smb:4292 d:- ref:0 ;
in:445 out:446 type:b dur:2 cpbdur:2 q:14.50 aq:11.04 tex:313902 mv:20867 misc:2471 imb:334 pmb:1678 smb:4708 d:- ref:0 ;
in:447 out:447 type:P dur:2 cpbdur:2 q:14.74 aq:6.67 tex:430201 mv:16949 misc:2034 imb:1047 pmb:1203 smb:4470 d:- ref:0 ;
in:449 out:448 type:P dur:2 cpbdur:2 q:14.41 aq:6.15 tex:475137 mv:17688 misc:2087 imb:1053 pmb:1155 smb:4512 d:- ref:0 ;
in:448 out:449 type:b dur:2 cpbdur:2 q:14.92 aq:10.66 tex:188717 mv:17986 misc:2697 imb:284 pmb:1505 smb:4931 d:- ref:0 ;
in:451 out:450 type:P dur:2 cpbdur:2 q:14.47 aq:5.48 tex:542995 mv:17785 misc:2012 imb:1142 pmb:1122 smb:4456 d:- ref:0 ;
in:450 out:451 type:b dur:2 cpbdur:2 q:14.85 aq:10.74 tex:281244 mv:18581 misc:2591 imb:382 pmb:1435 smb:4903 d:- ref:0 ;
in:452 out:452 type:P dur:2 cpbdur:2 q:14.25 aq:6.44 tex:356225 mv:14156 misc:2155 imb:577 pmb:1347 smb:4796 d:- ref:0 ;
in:453 out:453 type:P dur:2 cpbdur:2 q:13.79 aq:5.59 tex:384281 mv:13585 misc:2102 imb:612 pmb:1317 smb:4791 d:- ref:0 ;
in:454 out:454 type:P dur:2 cpbdur:2 q:13.68 aq:5.21 tex:428765 mv:14015 misc:2140 imb:625 pmb:1280 smb:4815 d:- ref:0 ;
in:456 out:455 type:P dur:2 cpbdur:2 q:13.77 aq:5.75 tex:370834 mv:10896 misc:1950 imb:561 pmb:987 smb:5172 d:- ref:0 ;
in:455 out:456 type:b dur:2 cpbdur:2 q:13.96 aq:11.69 tex:230773 mv:12501 misc:1422 imb:104 pmb:1061 smb:5555 d:- ref:0 ;
in:460 out:457 type:P dur:2 cpbdur:2 q:13.88 aq:5.78 tex:551359 mv:12113 misc:1688 imb:988 pmb:554 smb:5178 d:- ref:0 ;
in:458 out:458 type:B dur:2 cpbdur:2 q:14.07 aq:9.58 tex:313266 mv:15575 misc:1207 imb:475 pmb:856 smb:5389 d:- ref:0 ;
in:457 out:459 type:b dur:2 cpbdur:2 q:14.17 aq:8.80 tex:284841 mv:14756 misc:1371 imb:272 pmb:1052 smb:5396 d:- ref:0 ;
in:459 out:460 type:b dur:2 cpbdur:2 q:14.07 aq:12.79 tex:216971 mv:12692 misc:1017 imb:216 pmb:1050 smb:5454 d:- ref:0 ;
in:462 out:461 type:P dur:2 cpbdur:2 q:13.35 aq:6.02 tex:520188 mv:11038 misc:1718 imb:772 pmb:764 smb:5184 d:- ref:0 ;
in:461 out:462 type:b dur:2 cpbdur:2 q:14.04 aq:10.23 tex:227506 mv:13655 misc:1319 imb:345 pmb:973 smb:5402 d:- ref:0 ;
in:465 out:463 type:P dur:2 cpbdur:2 q:13.76 aq:6.12 tex:466625 mv:10840 misc:1455 imb:648 pmb:765 smb:5307 d:- ref:0 ;
in:463 out:464 type:B dur:2 cpbdur:2 q:13.76 aq:8.34 tex:193324 mv:12087 misc:1341 imb:317 pmb:937 smb:5466 d:- ref:0 ;
in:464 out:465 type:b dur:2 cpbdur:2 q:13.76 aq:9.44 tex:70135 mv:9108 misc:1941 imb:92 pmb:817 smb:5811 d:- ref:0 ;
in:469 out:466 type:P dur:2 cpbdur:2 q:14.24 aq:6.38 tex:348287 mv:10847 misc:1106 imb:612 pmb:801 smb:5307 d:- ref:0 ;
in:467 out:467 type:B dur:2 cpbdur:2 q:14.24 aq:8.42 tex:187622 mv:13586 misc:1400 imb:228 pmb:1012 smb:5480 d:- ref:0 ;
in:466 out:468 type:b dur:2 cpbdur:2 q:14.23 aq:11.22 tex:63033 mv:9934 misc:1721 imb:179 pmb:795 smb:5746 d:- ref:0 ;
in:468 out:469 type:b dur:2 cpbdur:2 q:14.24 aq:12.77 tex:65190 mv:9318 misc:1796 imb:83 pmb:843 smb:5794 d:- ref:0 ;
in:473 out:470 type:P dur:2 cpbdur:2 q:14.23 aq:5.95 tex:348005 mv:10652 misc:975 imb:725 pmb:693 smb:5302 d:- ref:0 ;
in:471 out:471 type:B dur:2 cpbdur:2 q:14.32 aq:8.16 tex:189774 mv:13240 misc:1186 imb:178 pmb:1145 smb:5397 d:- ref:0 ;
in:470 out:472 type:b dur:2 cpbdur:2 q:14.32 aq:10.57 tex:67062 mv:8353 misc:1625 imb:46 pmb:949 smb:5725 d:- ref:0 ;
in:472 out:473 type:b dur:2 cpbdur:2 q:14.31 aq:10.53 tex:71744 mv:9664 misc:1560 imb:96 pmb:936 smb:5688 d:- ref:0 ;
in:477 out:474 type:P dur:2 cpbdur:2 q:14.26 aq:5.39 tex:373864 mv:10526 misc:866 imb:803 pmb:588 smb:5329 d:- ref:0 ;
in:475 out:475 type:B dur:2 cpbdur:2 q:14.30 aq:7.68 tex:201792 mv:15054 misc:1026 imb:436 pmb:899 smb:5385 d:- ref:0 ;
in:474 out:476 type:b dur:2 cpbdur:2 q:14.30 aq:10.87 tex:70363 mv:9792 misc:1629 imb:115 pmb:800 smb:5805 d:- ref:0 ;
in:476 out:477 type:b dur:2 cpbdur:2 q:14.30 aq:11.91 tex:68963 mv:10515 misc:1562 imb:283 pmb:751 smb:5686 d:- ref:0 ;
in:481 out:478 type:P dur:2 cpbdur:2 q:14.39 aq:4.99 tex:359630 mv:10875 misc:1431 imb:855 pmb:637 smb:5228 d:- ref:0 ;
in:479 out:479 type:B dur:2 cpbdur:2 q:14.40 aq:7.71 tex:198755 mv:14974 misc:1303 imb:471 pmb:901 smb:5348 d:- ref:0 ;
in:478 out:480 type:b dur:2 cpbdur:2 q:14.40 aq:11.02 tex:67171 mv:11218 misc:1531 imb:335 pmb:707 smb:5678 d:- ref:0 ;
in:480 out:481 type:b dur:2 cpbdur:2 q:14.40 aq:9.97 tex:67107 mv:10489 misc:1740 imb:244 pmb:786 smb:5690 d:- ref:0 ;
in:485 out:482 type:P dur:2 cpbdur:2 q:14.69 aq:5.69 tex:328587 mv:10365 misc:1512 imb:867 pmb:616 smb:5237 d:- ref:0 ;
in:483 out:483 type:B dur:2 cpbdur:2 q:14.76 aq:8.35 tex:186231 mv:15254 misc:1547 imb:497 pmb:900 smb:5323 d:- ref:0 ;
in:482 out:484 type:b dur:2 cpbdur:2 q:14.76 aq:11.66 tex:66967 mv:11222 misc:1443 imb:344 pmb:715 smb:5661 d:- ref:0 ;
in:484 out:485 type:b dur:2 cpbdur:2 q:14.76 aq:11.26 tex:56729 mv:9848 misc:1583 imb:166 pmb:777 smb:5777 d:- ref:0 ;
in:487 out:486 type:P dur:2 cpbdur:2 q:14.79 aq:5.53 tex:279297 mv:9242 misc:1301 imb:708 pmb:606 smb:5406 d:- ref:0 ;
in:486 out:487 type:b dur:2 cpbdur:2 q:14.79 aq:11.76 tex:67584 mv:10374 misc:1378 imb:276 pmb:724 smb:5720 d:- ref:0 ;
in:489 out:488 type:P dur:2 cpbdur:2 q:14.83 aq:6.34 tex:238977 mv:8650 misc:1013 imb:607 pmb:658 smb:5455 d:- ref:0 ;
in:488 out:489 type:b dur:2 cpbdur:2 q:14.82 aq:10.79 tex:52895 mv:9176 misc:1721 imb:168 pmb:745 smb:5807 d:- ref:0 ;
in:493 out:490 type:P dur:2 cpbdur:2 q:13.55 aq:6.69 tex:250171 mv:9132 misc:1217 imb:428 pmb:775 smb:5517 d:- ref:0 ;
in:491 out:491 type:B dur:2 cpbdur:2 q:14.82 aq:9.21 tex:115305 mv:11993 misc:1326 imb:300 pmb:832 smb:5588 d:- ref:0 ;
in:490 out:492 type:b dur:2 cpbdur:2 q:14.82 aq:10.38 tex:57720 mv:8054 misc:1578 imb:77 pmb:864 smb:5779 d:- ref:0 ;
in:492 out:493 type:b dur:2 cpbdur:2 q:14.82 aq:11.74 tex:56996 mv:8882 misc:1650 imb:56 pmb:860 smb:5804 d:- ref:0 ;
in:496 out:494 type:P dur:2 cpbdur:2 q:13.83 aq:7.00 tex:348025 mv:11671 misc:1120 imb:773 pmb:692 smb:5255 d:- ref:0 ;
in:494 out:495 type:B dur:2 cpbdur:2 q:13.87 aq:8.81 tex:113435 mv:12666 misc:1515 imb:163 pmb:1102 smb:5455 d:- ref:0 ;
in:495 out:496 type:b dur:2 cpbdur:2 q:13.86 aq:8.75 tex:131951 mv:13858 misc:1431 imb:223 pmb:1084 smb:5413 d:- ref:0 ;
in:498 out:497 type:P dur:2 cpbdur:2 q:14.07 aq:7.93 tex:285376 mv:13705 misc:1167 imb:869 pmb:798 smb:5053 d:- ref:0 ;
in:497 out:498 type:b dur:2 cpbdur:2 q:14.12 aq:7.93 tex:125609 mv:15205 misc:1634 imb:207 pmb:1261 smb:5252 d:- ref:0 ;
in:501 out:499 type:P dur:2 cpbdur:2 q:14.44 aq:7.05 tex:304887 mv:16203 misc:1326 imb:1521 pmb:732 smb:4467 d:- ref:0 ;
in:499 out:500 type:B dur:2 cpbdur:2 q:14.45 aq:8.96 tex:142059 mv:17200 misc:2117 imb:270 pmb:1396 smb:5054 d:- ref:0 ;
in:500 out:501 type:b dur:2 cpbdur:2 q:14.45 aq:8.55 tex:68032 mv:16297 misc:2639 imb:157 pmb:1381 smb:5182 d:- ref:0 ;
in:503 out:502 type:P dur:2 cpbdur:2 q:13.53 aq:6.19 tex:279125 mv:17009 misc:1498 imb:1603 pmb:853 smb:4264 d:- ref:0 ;
in:502 out:503 type:b dur:2 cpbdur:2 q:14.52 aq:8.77 tex:74468 mv:16502 misc:2574 imb:184 pmb:1475 smb:5061 d:- ref:0 ;
in:505 out:504 type:P dur:2 cpbdur:2 q:13.84 aq:6.17 tex:274001 mv:18831 misc:1392 imb:2299 pmb:846 smb:3575 d:- ref:0 ;
in:504 out:505 type:b dur:2 cpbdur:2 q:13.83 aq:8.74 tex:117178 mv:18711 misc:2511 imb:270 pmb:1541 smb:4909 d:- ref:0 ;
in:507 out:506 type:P dur:2 cpbdur:2 q:11.80 aq:6.23 tex:315970 mv:18029 misc:1945 imb:1693 pmb:840 smb:4187 d:- ref:0 ;
in:506 out:507 type:b dur:2 cpbdur:2 q:13.83 aq:9.11 tex:106615 mv:19450 misc:2519 imb:192 pmb:1626 smb:4902 d:- ref:0 ;
in:508 out:508 type:P dur:2 cpbdur:2 q:12.05 aq:5.38 tex:266552 mv:18341 misc:2091 imb:1537 pmb:1028 smb:4155 d:- ref:0 ;
in:510 out:509 type:P dur:2 cpbdur:2 q:12.37 aq:5.02 tex:421608 mv:22235 misc:1637 imb:2874 pmb:558 smb:3288 d:- ref:0 ;
in:509 out:510 type:b dur:2 cpbdur:2 q:12.43 aq:8.73 tex:175977 mv:19438 misc:2889 imb:286 pmb:1661 smb:4773 d:- ref:0 ;
in:512 out:511 type:P dur:2 cpbdur:2 q:12.12 aq:4.93 tex:417296 mv:22972 misc:1980 imb:2746 pmb:808 smb:3166 d:- ref:0 ;
in:511 out:512 type:b dur:2 cpbdur:2 q:12.39 aq:8.60 tex:111063 mv:16328 misc:3009 imb:140 pmb:1601 smb:4979 d:- ref:0 ;
in:513 out:513 type:P dur:2 cpbdur:2 q:12.32 aq:4.41 tex:388614 mv:23639 misc:1379 imb:3133 pmb:964 smb:2623 d:- ref:0 ;
in:514 out:514 type:P dur:2 cpbdur:2 q:12.26 aq:4.13 tex:453805 mv:21273 misc:1970 imb:2093 pmb:1073 smb:3554 d:- ref:0 ;
in:516 out:515 type:P dur:2 cpbdur:2 q:12.42 aq:4.75 tex:515235 mv:19438 misc:1799 imb:2678 pmb:692 smb:3350 d:- ref:0 ;
in:515 out:516 type:b dur:2 cpbdur:2 q:12.52 aq:8.58 tex:212394 mv:21392 misc:2678 imb:252 pmb:1551 smb:4917 d:- ref:0 ;
in:518 out:517 type:P dur:2 cpbdur:2 q:12.58 aq:4.35 tex:528153 mv:20595 misc:1452 imb:2639 pmb:801 smb:3280 d:- ref:0 ;
in:517 out:518 type:b dur:2 cpbdur:2 q:12.64 aq:8.70 tex:212410 mv:21109 misc:2561 imb:289 pmb:1500 smb:4931 d:- ref:0 ;
in:520 out:519 type:P dur:2 cpbdur:2 q:12.80 aq:5.31 tex:499864 mv:20340 misc:1692 imb:2411 pmb:835 smb:3474 d:- ref:0 ;
in:519 out:520 type:b dur:2 cpbdur:2 q:12.80 aq:8.51 tex:235056 mv:20457 misc:2543 imb:306 pmb:1539 smb:4875 d:- ref:0 ;
in:522 out:521 type:P dur:2 cpbdur:2 q:13.21 aq:6.26 tex:447527 mv:18270 misc:2019 imb:1900 pmb:881 smb:3939 d:- ref:0 ;
in:521 out:522 type:b dur:2 cpbdur:2 q:13.20 aq:10.16 tex:164273 mv:19930 misc:2853 imb:196 pmb:1558 smb:4966 d:- ref:0 ;
in:524 out:523 type:P dur:2 cpbdur:2 q:13.72 aq:6.07 tex:385042 mv:17649 misc:1941 imb:2123 pmb:821 smb:3776 d:- ref:0 ;
in:523 out:524 type:b dur:2 cpbdur:2 q:13.71 aq:9.97 tex:162367 mv:17252 misc:2861 imb:186 pmb:1546 smb:4988 d:- ref:0 ;
in:528 out:525 type:P dur:2 cpbdur:2 q:13.59 aq:5.35 tex:428860 mv:18534 misc:2086 imb:2267 pmb:746 smb:3707 d:- ref:0 ;
in:526 out:526 type:B dur:2 cpbdur:2 q:13.84 aq:8.05 tex:241115 mv:21000 misc:2581 imb:394 pmb:1441 smb:4885 d:- ref:0 ;
in:525 out:527 type:b dur:2 cpbdur:2 q:13.84 aq:8.99 tex:178398 mv:18761 misc:2425 imb:207 pmb:1469 smb:5044 d:- ref:0 ;
in:527 out:528 type:b dur:2 cpbdur:2 q:13.84 aq:9.86 tex:152487 mv:16974 misc:2531 imb:231 pmb:1343 smb:5146 d:- ref:0 ;
in:532 out:529 type:P dur:2 cpbdur:2 q:13.23 aq:4.45 tex:423102 mv:14656 misc:2330 imb:1981 pmb:519 smb:4220 d:- ref:0 ;
in:530 out:530 type:B dur:2 cpbdur:2 q:13.85 aq:9.96 tex:192155 mv:16803 misc:2122 imb:368 pmb:1139 smb:5213 d:- ref:0 ;
in:529 out:531 type:b dur:2 cpbdur:2 q:13.99 aq:10.70 tex:113208 mv:15119 misc:2489 imb:117 pmb:1373 smb:5230 d:- ref:0 ;
in:531 out:532 type:b dur:2 cpbdur:2 q:13.89 aq:10.38 tex:109567 mv:12638 misc:1827 imb:158 pmb:1072 smb:5490 d:- ref:0 ;
in:534 out:533 type:P dur:2 cpbdur:2 q:13.05 aq:6.06 tex:365106 mv:10436 misc:1498 imb:701 pmb:747 smb:5272 d:- ref:0 ;
in:533 out:534 type:b dur:2 cpbdur:2 q:13.43 aq:10.02 tex:119639 mv:12167 misc:1258 imb:179 pmb:973 smb:5568 d:- ref:0 ;
in:536 out:535 type:P dur:2 cpbdur:2 q:13.07 aq:5.32 tex:409539 mv:10120 misc:1501 imb:646 pmb:745 smb:5329 d:- ref:0 ;
in:535 out:536 type:b dur:2 cpbdur:2 q:13.26 aq:12.11 tex:84170 mv:10395 misc:1547 imb:165 pmb:837 smb:5718 d:- ref:0 ;
in:540 out:537 type:P dur:2 cpbdur:2 q:13.14 aq:3.91 tex:463986 mv:11259 misc:2107 imb:707 pmb:871 smb:5142 d:- ref:0 ;
in:538 out:538 type:B dur:2 cpbdur:2 q:13.45 aq:8.13 tex:152831 mv:9419 misc:1750 imb:140 pmb:1202 smb:5378 d:- ref:0 ;
in:537 out:539 type:b dur:2 cpbdur:2 q:14.13 aq:9.94 tex:107402 mv:11090 misc:1628 imb:167 pmb:974 smb:5579 d:- ref:0 ;
in:539 out:540 type:b dur:2 cpbdur:2 q:13.58 aq:7.99 tex:90710 mv:7014 misc:1876 imb:45 pmb:1265 smb:5410 d:- ref:0 ;
in:544 out:541 type:P dur:2 cpbdur:2 q:13.10 aq:4.30 tex:296660 mv:9165 misc:2215 imb:368 pmb:1084 smb:5268 d:- ref:0 ;
in:542 out:542 type:B dur:2 cpbdur:2 q:13.41 aq:11.51 tex:72641 mv:5607 misc:1856 imb:17 pmb:948 smb:5755 d:- ref:0 ;
in:541 out:543 type:b dur:2 cpbdur:2 q:13.65 aq:12.44 tex:32450 mv:3898 misc:1660 imb:26 pmb:583 smb:6111 d:- ref:0 ;
in:543 out:544 type:b dur:2 cpbdur:2 q:13.57 aq:7.61 tex:54529 mv:4349 misc:2626 imb:16 pmb:1092 smb:5612 d:- ref:0 ;
in:548 out:545 type:P dur:2 cpbdur:2 q:13.50 aq:6.86 tex:362111 mv:9115 misc:1310 imb:345 pmb:962 smb:5413 d:- ref:0 ;
in:546 out:546 type:B dur:2 cpbdur:2 q:14.14 aq:11.95 tex:88325 mv:6765 misc:1638 imb:17 pmb:914 smb:5789 d:- ref:0 ;
in:545 out:547 type:b dur:2 cpbdur:2 q:14.34 aq:12.15 tex:27420 mv:3384 misc:1788 imb:4 pmb:662 smb:6054 d:- ref:0 ;
in:547 out:548 type:b dur:2 cpbdur:2 q:14.35 aq:11.55 tex:152862 mv:7978 misc:1600 imb:120 pmb:919 smb:5681 d:- ref:0 ;
in:549 out:549 type:P dur:2 cpbdur:2 q:13.51 aq:7.81 tex:297274 mv:7415 misc:1335 imb:294 pmb:937 smb:5489 d:- ref:0 ;
in:550 out:550 type:P dur:2 cpbdur:2 q:13.50 aq:6.73 tex:330468 mv:7150 misc:1366 imb:289 pmb:947 smb:5484 d:- ref:0 ;
in:554 out:551 type:P dur:2 cpbdur:2 q:13.55 aq:7.50 tex:403456 mv:9790 misc:1122 imb:658 pmb:591 smb:5471 d:- ref:0 ;
in:552 out:552 type:B dur:2 cpbdur:2 q:13.80 aq:9.51 tex:209618 mv:9142 misc:1512 imb:213 pmb:763 smb:5744 d:- ref:0 ;
in:551 out:553 type:b dur:2 cpbdur:2 q:13.80 aq:11.72 tex:95691 mv:7069 misc:1528 imb:51 pmb:702 smb:5967 d:- ref:0 ;
in:553 out:554 type:b dur:2 cpbdur:2 q:13.80 aq:10.63 tex:81310 mv:6328 misc:1562 imb:44 pmb:707 smb:5969 d:- ref:0 ;
in:558 out:555 type:P dur:2 cpbdur:2 q:13.35 aq:6.90 tex:430318 mv:10113 misc:1249 imb:709 pmb:588 smb:5423 d:- ref:0 ;
in:556 out:556 type:B dur:2 cpbdur:2 q:13.85 aq:11.95 tex:234130 mv:10833 misc:1357 imb:173 pmb:911 smb:5636 d:- ref:0 ;
in:555 out:557 type:b dur:2 cpbdur:2 q:13.86 aq:13.06 tex:130942 mv:8613 misc:1485 imb:79 pmb:961 smb:5680 d:- ref:0 ;
in:557 out:558 type:b dur:2 cpbdur:2 q:13.84 aq:13.29 tex:113862 mv:7462 misc:1308 imb:39 pmb:927 smb:5754 d:- ref:0 ;
in:562 out:559 type:P dur:2 cpbdur:2 q:12.94 aq:5.29 tex:431515 mv:10208 misc:1269 imb:676 pmb:614 smb:5430 d:- ref:0 ;
in:560 out:560 type:B dur:2 cpbdur:2 q:13.74 aq:9.74 tex:264331 mv:11710 misc:1295 imb:212 pmb:935 smb:5573 d:- ref:0 ;
in:559 out:561 type:b dur:2 cpbdur:2 q:13.74 aq:13.81 tex:131991 mv:8043 misc:1438 imb:90 pmb:947 smb:5683 d:- ref:0 ;
in:561 out:562 type:b dur:2 cpbdur:2 q:13.74 aq:8.30 tex:54448 mv:5659 misc:1669 imb:41 pmb:658 smb:6021 d:- ref:0 ;
in:564 out:563 type:P dur:2 cpbdur:2 q:12.87 aq:5.83 tex:396210 mv:8799 misc:1263 imb:680 pmb:567 smb:5473 d:- ref:0 ;
in:563 out:564 type:b dur:2 cpbdur:2 q:13.14 aq:9.06 tex:67934 mv:6575 misc:1603 imb:55 pmb:648 smb:6017 d:- ref:0 ;
in:568 out:565 type:P dur:2 cpbdur:2 q:12.59 aq:6.90 tex:370215 mv:9216 misc:1249 imb:666 pmb:554 smb:5500 d:- ref:0 ;
in:566 out:566 type:B dur:2 cpbdur:2 q:13.62 aq:8.82 tex:209775 mv:10266 misc:1367 imb:189 pmb:735 smb:5796 d:- ref:0 ;
in:565 out:567 type:b dur:2 cpbdur:2 q:13.62 aq:11.26 tex:67507 mv:6117 misc:1688 imb:50 pmb:665 smb:6005 d:- ref:0 ;
in:567 out:568 type:b dur:2 cpbdur:2 q:13.62 aq:11.08 tex:72853 mv:5466 misc:1537 imb:42 pmb:665 smb:6013 d:- ref:0 ;
in:570 out:569 type:P dur:2 cpbdur:2 q:11.67 aq:5.14 tex:366884 mv:8508 misc:1600 imb:480 pmb:849 smb:5391 d:- ref:0 ;
in:569 out:570 type:b dur:2 cpbdur:2 q:12.69 aq:8.51 tex:32212 mv:4028 misc:1808 imb:31 pmb:523 smb:6166 d:- ref:0 ;
in:571 out:571 type:P dur:2 cpbdur:2 q:10.28 aq:5.08 tex:268172 mv:5719 misc:1757 imb:221 pmb:1038 smb:5461 d:- ref:0 ;
in:572 out:572 type:P dur:2 cpbdur:2 q:10.34 aq:4.09 tex:329420 mv:6805 misc:1647 imb:299 pmb:956 smb:5465 d:- ref:0 ;
in:574 out:573 type:P dur:2 cpbdur:2 q:10.43 aq:5.43 tex:366998 mv:7761 misc:1489 imb:400 pmb:850 smb:5470 d:- ref:0 ;
in:573 out:574 type:b dur:2 cpbdur:2 q:10.45 aq:7.97 tex:139902 mv:6743 misc:1451 imb:63 pmb:791 smb:5866 d:- ref:0 ;
in:576 out:575 type:P dur:2 cpbdur:2 q:10.51 aq:5.05 tex:307826 mv:7442 misc:1564 imb:384 pmb:866 smb:5470 d:- ref:0 ;
in:575 out:576 type:b dur:2 cpbdur:2 q:10.51 aq:8.01 tex:171481 mv:7046 misc:1641 imb:99 pmb:910 smb:5711 d:- ref:0 ;
in:577 out:577 type:P dur:2 cpbdur:2 q:10.13 aq:5.13 tex:286227 mv:7900 misc:1361 imb:588 pmb:743 smb:5389 d:- ref:0 ;
in:581 out:578 type:P dur:2 cpbdur:2 q:10.56 aq:5.90 tex:521928 mv:9388 misc:1180 imb:1008 pmb:369 smb:5343 d:- ref:0 ;
in:579 out:579 type:B dur:2 cpbdur:2 q:10.61 aq:6.26 tex:270418 mv:9576 misc:1542 imb:322 pmb:748 smb:5650 d:- ref:0 ;
in:578 out:580 type:b dur:2 cpbdur:2 q:10.61 aq:6.88 tex:120202 mv:5421 misc:1641 imb:201 pmb:589 smb:5930 d:- ref:0 ;
in:580 out:581 type:b dur:2 cpbdur:2 q:10.61 aq:9.11 tex:127215 mv:5721 misc:1600 imb:137 pmb:594 smb:5989 d:- ref:0 ;
in:585 out:582 type:P dur:2 cpbdur:2 q:10.50 aq:4.91 tex:483975 mv:10181 misc:1108 imb:1035 pmb:369 smb:5316 d:- ref:0 ;
in:583 out:583 type:B dur:2 cpbdur:2 q:10.67 aq:6.49 tex:208161 mv:8901 misc:1570 imb:396 pmb:619 smb:5705 d:- ref:0 ;
in:582 out:584 type:b dur:2 cpbdur:2 q:10.67 aq:7.29 tex:113150 mv:5562 misc:1552 imb:192 pmb:464 smb:6064 d:- ref:0 ;
in:584 out:585 type:b dur:2 cpbdur:2 q:10.67 aq:9.22 tex:175924 mv:8821 misc:1247 imb:450 pmb:485 smb:5785 d:- ref:0 ;
in:589 out:586 type:P dur:2 cpbdur:2 q:10.57 aq:4.03 tex:335144 mv:9844 misc:1188 imb:799 pmb:582 smb:5339 d:- ref:0 ;
in:587 out:587 type:B dur:2 cpbdur:2 q:10.76 aq:7.42 tex:95984 mv:8854 misc:1786 imb:120 pmb:861 smb:5739 d:- ref:0 ;
in:586 out:588 type:b dur:2 cpbdur:2 q:10.76 aq:8.85 tex:47886 mv:5453 misc:1693 imb:80 pmb:622 smb:6018 d:- ref:0 ;
in:588 out:589 type:b dur:2 cpbdur:2 q:10.76 aq:6.25 tex:11156 mv:2338 misc:1722 imb:14 pmb:396 smb:6310 d:- ref:0 ;
in:593 out:590 type:P dur:2 cpbdur:2 q:10.67 aq:4.99 tex:330071 mv:10028 misc:1293 imb:528 pmb:817 smb:5375 d:- ref:0 ;
in:591 out:591 type:B dur:2 cpbdur:2 q:10.76 aq:6.76 tex:64282 mv:6457 misc:1861 imb:64 pmb:687 smb:5969 d:- ref:0 ;
in:590 out:592 type:b dur:2 cpbdur:2 q:10.76 aq:7.32 tex:25958 mv:3637 misc:1789 imb:37 pmb:468 smb:6215 d:- ref:0 ;
in:592 out:593 type:b dur:2 cpbdur:2 q:10.76 aq:7.49 tex:27629 mv:3433 misc:1602 imb:20 pmb:452 smb:6248 d:- ref:0 ;
in:597 out:594 type:P dur:2 cpbdur:2 q:10.96 aq:5.09 tex:318778 mv:8960 misc:1422 imb:445 pmb:835 smb:5440 d:- ref:0 ;
in:595 out:595 type:B dur:2 cpbdur:2 q:11.05 aq:6.84 tex:61184 mv:6350 misc:1930 imb:51 pmb:692 smb:5977 d:- ref:0 ;
in:594 out:596 type:b dur:2 cpbdur:2 q:11.06 aq:7.00 tex:10925 mv:2213 misc:1646 imb:25 pmb:373 smb:6322 d:- ref:0 ;
in:596 out:597 type:b dur:2 cpbdur:2 q:11.06 aq:7.87 tex:25608 mv:3231 misc:1753 imb:17 pmb:460 smb:6243 d:- ref:0 ;
in:599 out:598 type:P dur:2 cpbdur:2 q:11.10 aq:4.94 tex:374608 mv:9309 misc:1443 imb:493 pmb:779 smb:5448 d:- ref:0 ;
in:598 out:599 type:b dur:2 cpbdur:2 q:11.30 aq:7.04 tex:37160 mv:4208 misc:1728 imb:40 pmb:486 smb:6194 d:- ref:0 ;
in:603 out:600 type:P dur:2 cpbdur:2 q:11.02 aq:3.67 tex:433860 mv:10682 misc:1410 imb:573 pmb:822 smb:5325 d:- ref:0 ;
in:601 out:601 type:B dur:2 cpbdur:2 q:11.24 aq:7.32 tex:99738 mv:8465 misc:1773 imb:61 pmb:769 smb:5890 d:- ref:0 ;
in:600 out:602 type:b dur:2 cpbdur:2 q:11.34 aq:7.20 tex:33512 mv:4258 misc:1934 imb:54 pmb:597 smb:6069 d:- ref:0 ;
in:602 out:603 type:b dur:2 cpbdur:2 q:11.34 aq:8.89 tex:25500 mv:4395 misc:1673 imb:18 pmb:453 smb:6249 d:- ref:0 ;
in:607 out:604 type:P dur:2 cpbdur:2 q:11.70 aq:4.56 tex:333494 mv:10839 misc:1603 imb:300 pmb:1033 smb:5387 d:- ref:0 ;
in:605 out:605 type:B dur:2 cpbdur:2 q:11.83 aq:8.05 tex:64987 mv:7575 misc:1974 imb:25 pmb:762 smb:5933 d:- ref:0 ;
in:604 out:606 type:b dur:2 cpbdur:2 q:11.84 aq:8.85 tex:17646 mv:3369 misc:1665 imb:8 pmb:375 smb:6337 d:- ref:0 ;
in:606 out:607 type:b dur:2 cpbdur:2 q:11.84 aq:7.89 tex:9213 mv:2403 misc:1728 imb:9 pmb:370 smb:6341 d:- ref:0 ;
in:611 out:608 type:P dur:2 cpbdur:2 q:11.96 aq:4.43 tex:323807 mv:11095 misc:1410 imb:369 pmb:989 smb:5362 d:- ref:0 ;
in:609 out:609 type:B dur:2 cpbdur:2 q:12.12 aq:7.40 tex:79426 mv:8345 misc:1973 imb:26 pmb:798 smb:5896 d:- ref:0 ;
in:608 out:610 type:b dur:2 cpbdur:2 q:12.13 aq:8.21 tex:20448 mv:3585 misc:1703 imb:13 pmb:403 smb:6304 d:- ref:0 ;
in:610 out:611 type:b dur:2 cpbdur:2 q:12.13 aq:9.87 tex:18724 mv:3836 misc:1632 imb:10 pmb:418 smb:6292 d:- ref:0 ;
in:615 out:612 type:P dur:2 cpbdur:2 q:12.16 aq:4.69 tex:287667 mv:10924 misc:1289 imb:343 pmb:1013 smb:5364 d:- ref:0 ;
in:613 out:613 type:B dur:2 cpbdur:2 q:12.37 aq:7.39 tex:79530 mv:8316 misc:1922 imb:31 pmb:851 smb:5838 d:- ref:0 ;
in:612 out:614 type:b dur:2 cpbdur:2 q:12.39 aq:8.99 tex:10965 mv:2485 misc:1726 imb:14 pmb:386 smb:6320 d:- ref:0 ;
in:614 out:615 type:b dur:2 cpbdur:2 q:12.39 aq:8.64 tex:19316 mv:3803 misc:1681 imb:17 pmb:499 smb:6204 d:- ref:0 ;
in:617 out:616 type:P dur:2 cpbdur:2 q:11.86 aq:5.06 tex:406291 mv:9618 misc:1187 imb:614 pmb:749 smb:5357 d:- ref:0 ;
in:616 out:617 type:b dur:2 cpbdur:2 q:12.34 aq:8.99 tex:39806 mv:5092 misc:1902 imb:20 pmb:640 smb:6060 d:- ref:0 ;
in:621 out:618 type:P dur:2 cpbdur:2 q:11.16 aq:3.91 tex:553148 mv:11386 misc:1122 imb:689 pmb:713 smb:5318 d:- ref:0 ;
in:619 out:619 type:B dur:2 cpbdur:2 q:11.86 aq:7.62 tex:149120 mv:9446 misc:1794 imb:23 pmb:1028 smb:5669 d:- ref:0 ;
in:618 out:620 type:b dur:2 cpbdur:2 q:11.87 aq:10.53 tex:54769 mv:3728 misc:1927 imb:13 pmb:654 smb:6053 d:- ref:0 ;
in:620 out:621 type:b dur:2 cpbdur:2 q:11.87 aq:9.81 tex:31961 mv:4383 misc:1808 imb:3 pmb:566 smb:6151 d:- ref:0 ;
in:625 out:622 type:P dur:2 cpbdur:2 q:12.08 aq:4.86 tex:510373 mv:11647 misc:1156 imb:603 pmb:786 smb:5331 d:- ref:0 ;
in:623 out:623 type:B dur:2 cpbdur:2 q:12.11 aq:6.93 tex:214782 mv:13884 misc:1414 imb:65 pmb:1207 smb:5448 d:- ref:0 ;
in:622 out:624 type:b dur:2 cpbdur:2 q:12.11 aq:9.52 tex:129201 mv:10132 misc:1475 imb:41 pmb:1145 smb:5534 d:- ref:0 ;
in:624 out:625 type:b dur:2 cpbdur:2 q:12.11 aq:10.75 tex:136437 mv:10472 misc:1523 imb:69 pmb:1044 smb:5607 d:- ref:0 ;
in:626 out:626 type:P dur:2 cpbdur:2 q:11.97 aq:5.58 tex:390171 mv:8943 misc:1374 imb:334 pmb:963 smb:5423 d:- ref:0 ;
in:627 out:627 type:P dur:2 cpbdur:2 q:11.54 aq:5.22 tex:368862 mv:9217 misc:1265 imb:255 pmb:1050 smb:5415 d:- ref:0 ;
in:631 out:628 type:P dur:2 cpbdur:2 q:12.39 aq:4.52 tex:531166 mv:11035 misc:1247 imb:684 pmb:731 smb:5305 d:- ref:0 ;
in:629 out:629 type:B dur:2 cpbdur:2 q:12.41 aq:8.73 tex:215130 mv:11060 misc:1618 imb:128 pmb:953 smb:5639 d:- ref:0 ;
in:628 out:630 type:b dur:2 cpbdur:2 q:12.41 aq:11.11 tex:164986 mv:9342 misc:1680 imb:80 pmb:816 smb:5824 d:- ref:0 ;
in:630 out:631 type:b dur:2 cpbdur:2 q:12.41 aq:10.47 tex:49404 mv:5136 misc:1892 imb:12 pmb:679 smb:6029 d:- ref:0 ;
in:635 out:632 type:P dur:2 cpbdur:2 q:11.03 aq:4.69 tex:372106 mv:10055 misc:1415 imb:260 pmb:1073 smb:5387 d:- ref:0 ;
in:633 out:633 type:B dur:2 cpbdur:2 q:12.49 aq:8.84 tex:98624 mv:9021 misc:1867 imb:19 pmb:834 smb:5867 d:- ref:0 ;
in:632 out:634 type:b dur:2 cpbdur:2 q:12.49 aq:10.22 tex:21882 mv:4103 misc:1655 imb:7 pmb:426 smb:6287 d:- ref:0 ;
in:634 out:635 type:b dur:2 cpbdur:2 q:12.49 aq:11.09 tex:22560 mv:4471 misc:1705 imb:17 pmb:435 smb:6268 d:- ref:0 ;
in:639 out:636 type:P dur:2 cpbdur:2 q:10.09 aq:4.79 tex:378797 mv:9640 misc:1563 imb:226 pmb:1113 smb:5381 d:- ref:0 ;
in:637 out:637 type:B dur:2 cpbdur:2 q:11.20 aq:7.87 tex:114230 mv:8509 misc:1821 imb:19 pmb:821 smb:5880 d:- ref:0 ;
in:636 out:638 type:b dur:2 cpbdur:2 q:11.34 aq:8.82 tex:18909 mv:3139 misc:1696 imb:6 pmb:443 smb:6271 d:- ref:0 ;
in:638 out:639 type:b dur:2 cpbdur:2 q:11.34 aq:10.18 tex:30322 mv:4501 misc:1793 imb:11 pmb:472 smb:6237 d:- ref:0 ;
in:642 out:640 type:P dur:2 cpbdur:2 q:9.71 aq:5.25 tex:289706 mv:8577 misc:1821 imb:206 pmb:984 smb:5530 d:- ref:0 ;
in:640 out:641 type:B dur:2 cpbdur:2 q:10.30 aq:7.39 tex:93291 mv:5786 misc:1907 imb:14 pmb:724 smb:5982 d:- ref:0 ;
in:641 out:642 type:b dur:2 cpbdur:2 q:10.30 aq:9.24 tex:44109 mv:4289 misc:1834 imb:6 pmb:545 smb:6169 d:- ref:0 ;
in:643 out:643 type:P dur:2 cpbdur:2 q:9.01 aq:5.39 tex:208974 mv:5523 misc:807 imb:984 pmb:173 smb:5563 d:- ref:0 ;
in:644 out:644 type:I dur:2 cpbdur:2 q:6.21 aq:0.38 tex:575461 mv:27136 misc:475 imb:6720 pmb:0 smb:0 d:- ref:;
in:648 out:645 type:P dur:2 cpbdur:2 q:8.90 aq:3.79 tex:326737 mv:6835 misc:1236 imb:235 pmb:607 smb:5878 d:- ref:0 ;
in:646 out:646 type:B dur:2 cpbdur:2 q:8.90 aq:6.91 tex:130598 mv:7069 misc:1293 imb:19 pmb:666 smb:6035 d:- ref:0 ;
in:645 out:647 type:b dur:2 cpbdur:2 q:8.90 aq:6.12 tex:36230 mv:4622 misc:1404 imb:10 pmb:459 smb:6251 d:- ref:0 ;
in:647 out:648 type:b dur:2 cpbdur:2 q:8.90 aq:8.03 tex:48447 mv:5030 misc:1435 imb:11 pmb:479 smb:6230 d:- ref:0 ;
in:652 out:649 type:P dur:2 cpbdur:2 q:8.94 aq:2.82 tex:305787 mv:7040 misc:1309 imb:224 pmb:695 smb:5801 d:- ref:0 ;
in:650 out:650 type:B dur:2 cpbdur:2 q:8.94 aq:6.54 tex:106665 mv:7334 misc:1433 imb:12 pmb:630 smb:6078 d:- ref:0 ;
in:649 out:651 type:b dur:2 cpbdur:2 q:8.94 aq:5.93 tex:25913 mv:3518 misc:1417 imb:12 pmb:402 smb:6306 d:- ref:0 ;
in:651 out:652 type:b dur:2 cpbdur:2 q:8.94 aq:7.91 tex:44553 mv:4967 misc:1448 imb:11 pmb:454 smb:6255 d:- ref:0 ;
in:656 out:653 type:P dur:2 cpbdur:2 q:8.97 aq:2.19 tex:273346 mv:6714 misc:1276 imb:242 pmb:665 smb:5813 d:- ref:0 ;
in:654 out:654 type:B dur:2 cpbdur:2 q:8.97 aq:5.73 tex:107004 mv:7002 misc:1514 imb:25 pmb:595 smb:6100 d:- ref:0 ;
in:653 out:655 type:b dur:2 cpbdur:2 q:8.97 aq:7.57 tex:43333 mv:4640 misc:1515 imb:7 pmb:437 smb:6276 d:- ref:0 ;
in:655 out:656 type:b dur:2 cpbdur:2 q:8.97 aq:6.91 tex:25397 mv:3340 misc:1447 imb:10 pmb:432 smb:6278 d:- ref:0 ;
in:660 out:657 type:P dur:2 cpbdur:2 q:9.24 aq:2.22 tex:346563 mv:8196 misc:1305 imb:821 pmb:620 smb:5279 d:- ref:0 ;
in:658 out:658 type:B dur:2 cpbdur:2 q:9.26 aq:5.55 tex:121536 mv:7143 misc:1537 imb:38 pmb:740 smb:5942 d:- ref:0 ;
in:657 out:659 type:b dur:2 cpbdur:2 q:9.26 aq:7.41 tex:36974 mv:4469 misc:1477 imb:11 pmb:424 smb:6285 d:- ref:0 ;
in:659 out:660 type:b dur:2 cpbdur:2 q:9.26 aq:7.86 tex:49298 mv:4730 misc:1604 imb:13 pmb:548 smb:6159 d:- ref:0 ;
in:664 out:661 type:P dur:2 cpbdur:2 q:9.32 aq:3.18 tex:271530 mv:7720 misc:1374 imb:677 pmb:647 smb:5396 d:- ref:0 ;
in:662 out:662 type:B dur:2 cpbdur:2 q:9.51 aq:7.52 tex:96494 mv:6691 misc:1567 imb:28 pmb:668 smb:6024 d:- ref:0 ;
in:661 out:663 type:b dur:2 cpbdur:2 q:9.51 aq:7.97 tex:33207 mv:3760 misc:1513 imb:14 pmb:470 smb:6236 d:- ref:0 ;
in:663 out:664 type:b dur:2 cpbdur:2 q:9.51 aq:8.69 tex:33134 mv:3851 misc:1511 imb:10 pmb:391 smb:6319 d:- ref:0 ;
in:668 out:665 type:P dur:2 cpbdur:2 q:9.19 aq:3.54 tex:305451 mv:7728 misc:1301 imb:522 pmb:545 smb:5653 d:- ref:0 ;
in:666 out:666 type:B dur:2 cpbdur:2 q:9.49 aq:6.79 tex:90522 mv:7569 misc:1509 imb:206 pmb:583 smb:5931 d:- ref:0 ;
in:665 out:667 type:b dur:2 cpbdur:2 q:9.49 aq:7.86 tex:42370 mv:4377 misc:1565 imb:21 pmb:456 smb:6243 d:- ref:0 ;
in:667 out:668 type:b dur:2 cpbdur:2 q:9.49 aq:6.96 tex:44901 mv:4226 misc:1553 imb:89 pmb:456 smb:6175 d:- ref:0 ;
in:672 out:669 type:P dur:2 cpbdur:2 q:8.60 aq:3.07 tex:365160 mv:8360 misc:1288 imb:562 pmb:620 smb:5538 d:- ref:0 ;
in:670 out:670 type:B dur:2 cpbdur:2 q:9.34 aq:6.51 tex:153379 mv:9630 misc:1455 imb:125 pmb:762 smb:5833 d:- ref:0 ;
in:669 out:671 type:b dur:2 cpbdur:2 q:9.34 aq:6.97 tex:69480 mv:6057 misc:1551 imb:71 pmb:586 smb:6063 d:- ref:0 ;
in:671 out:672 type:b dur:2 cpbdur:2 q:9.34 aq:7.89 tex:88078 mv:6732 misc:1582 imb:80 pmb:643 smb:5997 d:- ref:0 ;
in:676 out:673 type:P dur:2 cpbdur:2 q:8.43 aq:3.62 tex:349786 mv:8168 misc:1158 imb:570 pmb:700 smb:5450 d:- ref:0 ;
in:674 out:674 type:B dur:2 cpbdur:2 q:8.76 aq:6.71 tex:128662 mv:8530 misc:1520 imb:75 pmb:739 smb:5906 d:- ref:0 ;
in:673 out:675 type:b dur:2 cpbdur:2 q:8.76 aq:7.08 tex:43361 mv:3454 misc:1641 imb:20 pmb:516 smb:6184 d:- ref:0 ;
in:675 out:676 type:b dur:2 cpbdur:2 q:8.76 aq:8.24 tex:48552 mv:4669 misc:1547 imb:17 pmb:481 smb:6222 d:- ref:0 ;
in:680 out:677 type:P dur:2 cpbdur:2 q:8.29 aq:3.29 tex:306753 mv:7440 misc:1455 imb:299 pmb:739 smb:5682 d:- ref:0 ;
in:678 out:678 type:B dur:2 cpbdur:2 q:8.59 aq:6.60 tex:115810 mv:7369 misc:1605 imb:56 pmb:657 smb:6007 d:- ref:0 ;
in:677 out:679 type:b dur:2 cpbdur:2 q:8.59 aq:8.06 tex:44996 mv:4343 misc:1549 imb:21 pmb:426 smb:6273 d:- ref:0 ;
in:679 out:680 type:b dur:2 cpbdur:2 q:8.59 aq:8.29 tex:28479 mv:3264 misc:1713 imb:13 pmb:471 smb:6236 d:- ref:0 ;
in:684 out:681 type:P dur:2 cpbdur:2 q:8.01 aq:2.67 tex:316394 mv:8149 misc:1457 imb:390 pmb:720 smb:5610 d:- ref:0 ;
in:682 out:682 type:B dur:2 cpbdur:2 q:8.44 aq:5.79 tex:125250 mv:7958 misc:1648 imb:66 pmb:697 smb:5957 d:- ref:0 ;
in:681 out:683 type:b dur:2 cpbdur:2 q:8.44 aq:7.99 tex:47426 mv:4607 misc:1647 imb:25 pmb:483 smb:6212 d:- ref:0 ;
in:683 out:684 type:b dur:2 cpbdur:2 q:8.44 aq:7.94 tex:49571 mv:4885 misc:1704 imb:16 pmb:523 smb:6181 d:- ref:0 ;
in:688 out:685 type:P dur:2 cpbdur:2 q:7.79 aq:2.85 tex:277443 mv:7661 misc:1328 imb:314 pmb:713 smb:5693 d:- ref:0 ;
in:686 out:686 type:B dur:2 cpbdur:2 q:8.15 aq:5.72 tex:123655 mv:7665 misc:1592 imb:87 pmb:687 smb:5946 d:- ref:0 ;
in:685 out:687 type:b dur:2 cpbdur:2 q:8.29 aq:7.76 tex:22394 mv:2510 misc:1488 imb:23 pmb:356 smb:6341 d:- ref:0 ;
in:687 out:688 type:b dur:2 cpbdur:2 q:8.29 aq:6.96 tex:50886 mv:4825 misc:1649 imb:36 pmb:536 smb:6148 d:- ref:0 ;
in:692 out:689 type:P dur:2 cpbdur:2 q:7.31 aq:1.52 tex:291739 mv:7683 misc:1202 imb:832 pmb:501 smb:5387 d:- ref:0 ;
in:690 out:690 type:B dur:2 cpbdur:2 q:7.79 aq:4.96 tex:103692 mv:5818 misc:1538 imb:93 pmb:555 smb:6072 d:- ref:0 ;
in:689 out:691 type:b dur:2 cpbdur:2 q:7.79 aq:7.06 tex:79504 mv:4758 misc:1658 imb:42 pmb:571 smb:6107 d:- ref:0 ;
in:691 out:692 type:b dur:2 cpbdur:2 q:7.79 aq:5.81 tex:26039 mv:2460 misc:1445 imb:19 pmb:342 smb:6359 d:- ref:0 ;
in:696 out:693 type:P dur:2 cpbdur:2 q:7.18 aq:1.21 tex:239344 mv:6067 misc:1373 imb:293 pmb:502 smb:5925 d:- ref:0 ;
in:694 out:694 type:B dur:2 cpbdur:2 q:7.31 aq:5.05 tex:97871 mv:5163 misc:1398 imb:76 pmb:485 smb:6159 d:- ref:0 ;
in:693 out:695 type:b dur:2 cpbdur:2 q:7.31 aq:5.19 tex:42426 mv:3043 misc:1371 imb:19 pmb:354 smb:6347 d:- ref:0 ;
in:695 out:696 type:b dur:2 cpbdur:2 q:7.31 aq:5.05 tex:38444 mv:3382 misc:1342 imb:22 pmb:352 smb:6346 d:- ref:0 ;
in:700 out:697 type:P dur:2 cpbdur:2 q:7.36 aq:1.81 tex:242159 mv:5874 misc:1359 imb:365 pmb:451 smb:5904 d:- ref:0 ;
in:698 out:698 type:B dur:2 cpbdur:2 q:7.41 aq:5.28 tex:88170 mv:5106 misc:1412 imb:84 pmb:460 smb:6176 d:- ref:0 ;
in:697 out:699 type:b dur:2 cpbdur:2 q:7.41 aq:5.44 tex:24683 mv:1969 misc:1404 imb:21 pmb:311 smb:6388 d:- ref:0 ;
in:699 out:700 type:b dur:2 cpbdur:2 q:7.41 aq:6.12 tex:37458 mv:3074 misc:1460 imb:22 pmb:357 smb:6341 d:- ref:0 ;
in:704 out:701 type:P dur:2 cpbdur:2 q:7.44 aq:2.26 tex:279100 mv:6269 misc:1327 imb:444 pmb:470 smb:5806 d:- ref:0 ;
in:702 out:702 type:B dur:2 cpbdur:2 q:7.63 aq:5.58 tex:97662 mv:5456 misc:1546 imb:87 pmb:553 smb:6080 d:- ref:0 ;
in:701 out:703 type:b dur:2 cpbdur:2 q:7.63 aq:5.57 tex:31282 mv:2937 misc:1389 imb:25 pmb:317 smb:6378 d:- ref:0 ;
in:703 out:704 type:b dur:2 cpbdur:2 q:7.63 aq:5.24 tex:32234 mv:2866 misc:1548 imb:33 pmb:442 smb:6245 d:- ref:0 ;
in:708 out:705 type:P dur:2 cpbdur:2 q:7.29 aq:2.41 tex:461353 mv:6770 misc:1389 imb:429 pmb:517 smb:5774 d:- ref:0 ;
in:706 out:706 type:B dur:2 cpbdur:2 q:7.65 aq:5.07 tex:123315 mv:4812 misc:1681 imb:95 pmb:566 smb:6059 d:- ref:0 ;
in:705 out:707 type:b dur:2 cpbdur:2 q:7.65 aq:5.79 tex:54719 mv:2945 misc:1536 imb:35 pmb:399 smb:6286 d:- ref:0 ;
in:707 out:708 type:b dur:2 cpbdur:2 q:7.64 aq:5.25 tex:40530 mv:2727 misc:1447 imb:32 pmb:338 smb:6350 d:- ref:0 ;
in:712 out:709 type:P dur:2 cpbdur:2 q:7.19 aq:2.92 tex:441358 mv:6231 misc:1435 imb:334 pmb:594 smb:5792 d:- ref:0 ;
in:710 out:710 type:B dur:2 cpbdur:2 q:7.55 aq:6.28 tex:104611 mv:4446 misc:1543 imb:97 pmb:479 smb:6144 d:- ref:0 ;
in:709 out:711 type:b dur:2 cpbdur:2 q:7.55 aq:5.45 tex:32933 mv:2331 misc:1368 imb:31 pmb:313 smb:6376 d:- ref:0 ;
in:711 out:712 type:b dur:2 cpbdur:2 q:7.55 aq:5.10 tex:31393 mv:2227 misc:1252 imb:32 pmb:258 smb:6430 d:- ref:0 ;
in:716 out:713 type:P dur:2 cpbdur:2 q:7.09 aq:2.68 tex:342297 mv:5580 misc:1371 imb:364 pmb:592 smb:5764 d:- ref:0 ;
in:714 out:714 type:B dur:2 cpbdur:2 q:7.54 aq:5.62 tex:110224 mv:3955 misc:1669 imb:48 pmb:608 smb:6064 d:- ref:0 ;
in:713 out:715 type:b dur:2 cpbdur:2 q:7.54 aq:5.59 tex:35229 mv:2048 misc:1659 imb:12 pmb:388 smb:6320 d:- ref:0 ;
in:715 out:716 type:b dur:2 cpbdur:2 q:7.54 aq:3.72 tex:13266 mv:1234 misc:1356 imb:10 pmb:231 smb:6479 d:- ref:0 ;
in:720 out:717 type:P dur:2 cpbdur:2 q:6.51 aq:2.37 tex:281714 mv:4837 misc:1697 imb:287 pmb:661 smb:5772 d:- ref:0 ;
in:718 out:718 type:B dur:2 cpbdur:2 q:7.09 aq:5.55 tex:59177 mv:3076 misc:1603 imb:51 pmb:412 smb:6257 d:- ref:0 ;
in:717 out:719 type:b dur:2 cpbdur:2 q:7.09 aq:3.79 tex:21460 mv:1432 misc:1460 imb:8 pmb:275 smb:6437 d:- ref:0 ;
in:719 out:720 type:b dur:2 cpbdur:2 q:7.08 aq:4.35 tex:18833 mv:1376 misc:1383 imb:12 pmb:246 smb:6462 d:- ref:0 ;
in:724 out:721 type:P dur:2 cpbdur:2 q:6.72 aq:2.11 tex:295568 mv:5530 misc:1566 imb:389 pmb:630 smb:5701 d:- ref:0 ;
in:722 out:722 type:B dur:2 cpbdur:2 q:6.76 aq:4.51 tex:75014 mv:3453 misc:1589 imb:80 pmb:427 smb:6213 d:- ref:0 ;
in:721 out:723 type:b dur:2 cpbdur:2 q:6.76 aq:5.35 tex:15379 mv:1498 misc:1323 imb:29 pmb:241 smb:6450 d:- ref:0 ;
in:723 out:724 type:b dur:2 cpbdur:2 q:6.75 aq:5.48 tex:23114 mv:1878 misc:1440 imb:50 pmb:294 smb:6376 d:- ref:0 ;
in:728 out:725 type:P dur:2 cpbdur:2 q:6.77 aq:1.67 tex:280479 mv:5594 misc:1487 imb:323 pmb:608 smb:5789 d:- ref:0 ;
in:726 out:726 type:B dur:2 cpbdur:2 q:6.95 aq:4.86 tex:102260 mv:4542 misc:1566 imb:96 pmb:500 smb:6124 d:- ref:0 ;
in:725 out:727 type:b dur:2 cpbdur:2 q:6.95 aq:5.43 tex:32782 mv:2275 misc:1399 imb:86 pmb:277 smb:6357 d:- ref:0 ;
in:727 out:728 type:b dur:2 cpbdur:2 q:6.95 aq:6.74 tex:28207 mv:2085 misc:1364 imb:85 pmb:271 smb:6364 d:- ref:0 ;
in:729 out:729 type:P dur:2 cpbdur:2 q:6.02 aq:1.77 tex:301613 mv:5131 misc:1456 imb:382 pmb:601 smb:5737 d:- ref:0 ;
in:730 out:730 type:P dur:2 cpbdur:2 q:5.99 aq:1.56 tex:340950 mv:5526 misc:1412 imb:424 pmb:621 smb:5675 d:- ref:0 ;
in:732 out:731 type:P dur:2 cpbdur:2 q:6.31 aq:2.90 tex:415342 mv:6296 misc:1354 imb:442 pmb:618 smb:5660 d:- ref:0 ;
in:731 out:732 type:b dur:2 cpbdur:2 q:6.30 aq:6.59 tex:187388 mv:6848 misc:1404 imb:169 pmb:713 smb:5838 d:- ref:0 ;
in:733 out:733 type:P dur:2 cpbdur:2 q:6.43 aq:2.70 tex:365584 mv:5873 misc:1199 imb:527 pmb:613 smb:5580 d:- ref:0 ;
in:737 out:734 type:P dur:2 cpbdur:2 q:6.68 aq:1.31 tex:433244 mv:7249 misc:1267 imb:521 pmb:597 smb:5602 d:- ref:0 ;
in:735 out:735 type:B dur:2 cpbdur:2 q:6.81 aq:5.03 tex:223992 mv:7960 misc:1416 imb:166 pmb:720 smb:5834 d:- ref:0 ;
in:734 out:736 type:b dur:2 cpbdur:2 q:6.81 aq:5.82 tex:209012 mv:7066 misc:1418 imb:181 pmb:694 smb:5845 d:- ref:0 ;
in:736 out:737 type:b dur:2 cpbdur:2 q:6.81 aq:5.18 tex:169811 mv:5949 misc:1368 imb:129 pmb:661 smb:5930 d:- ref:0 ;
in:741 out:738 type:P dur:2 cpbdur:2 q:6.63 aq:1.90 tex:382791 mv:6719 misc:1290 imb:443 pmb:639 smb:5638 d:- ref:0 ;
in:739 out:739 type:B dur:2 cpbdur:2 q:6.85 aq:3.10 tex:221858 mv:7885 misc:1329 imb:139 pmb:713 smb:5868 d:- ref:0 ;
in:738 out:740 type:b dur:2 cpbdur:2 q:6.85 aq:5.08 tex:170676 mv:5974 misc:1470 imb:128 pmb:701 smb:5891 d:- ref:0 ;
in:740 out:741 type:b dur:2 cpbdur:2 q:6.85 aq:4.77 tex:164303 mv:5447 misc:1346 imb:126 pmb:667 smb:5927 d:- ref:0 ;
in:745 out:742 type:P dur:2 cpbdur:2 q:6.80 aq:3.31 tex:465561 mv:8066 misc:1165 imb:591 pmb:569 smb:5560 d:- ref:0 ;
in:743 out:743 type:B dur:2 cpbdur:2 q:6.80 aq:5.24 tex:312825 mv:9190 misc:1217 imb:139 pmb:782 smb:5799 d:- ref:0 ;
in:742 out:744 type:b dur:2 cpbdur:2 q:6.80 aq:5.53 tex:290671 mv:7624 misc:1281 imb:173 pmb:733 smb:5814 d:- ref:0 ;
in:744 out:745 type:b dur:2 cpbdur:2 q:6.80 aq:6.49 tex:238509 mv:7887 misc:1292 imb:181 pmb:711 smb:5828 d:- ref:0 ;
in:749 out:746 type:P dur:2 cpbdur:2 q:6.98 aq:3.95 tex:533803 mv:8547 misc:1202 imb:538 pmb:620 smb:5562 d:- ref:0 ;
in:747 out:747 type:B dur:2 cpbdur:2 q:6.98 aq:6.61 tex:261235 mv:7981 misc:1360 imb:97 pmb:813 smb:5810 d:- ref:0 ;
in:746 out:748 type:b dur:2 cpbdur:2 q:6.97 aq:7.55 tex:173955 mv:6062 misc:1367 imb:121 pmb:683 smb:5916 d:- ref:0 ;
in:748 out:749 type:b dur:2 cpbdur:2 q:6.98 aq:7.33 tex:200109 mv:6086 misc:1389 imb:154 pmb:759 smb:5807 d:- ref:0 ;
in:753 out:750 type:P dur:2 cpbdur:2 q:7.59 aq:4.92 tex:488987 mv:8649 misc:1188 imb:706 pmb:481 smb:5533 d:- ref:0 ;
in:751 out:751 type:B dur:2 cpbdur:2 q:7.59 aq:6.95 tex:308101 mv:9538 misc:1273 imb:162 pmb:837 smb:5721 d:- ref:0 ;
in:750 out:752 type:b dur:2 cpbdur:2 q:8.51 aq:8.12 tex:333701 mv:11133 misc:1142 imb:222 pmb:739 smb:5759 d:- ref:0 ;
in:752 out:753 type:b dur:2 cpbdur:2 q:7.59 aq:7.58 tex:283573 mv:9213 misc:1334 imb:180 pmb:792 smb:5748 d:- ref:0 ;
in:754 out:754 type:P dur:2 cpbdur:2 q:7.59 aq:3.64 tex:422531 mv:8138 misc:1323 imb:437 pmb:679 smb:5604 d:- ref:0 ;
in:758 out:755 type:P dur:2 cpbdur:2 q:7.44 aq:2.28 tex:525212 mv:9259 misc:1057 imb:722 pmb:513 smb:5485 d:- ref:0 ;
in:756 out:756 type:B dur:2 cpbdur:2 q:7.59 aq:5.39 tex:318655 mv:10967 misc:1266 imb:139 pmb:865 smb:5716 d:- ref:0 ;
in:755 out:757 type:b dur:2 cpbdur:2 q:7.59 aq:6.92 tex:205988 mv:9123 misc:1289 imb:124 pmb:825 smb:5771 d:- ref:0 ;
in:757 out:758 type:b dur:2 cpbdur:2 q:7.59 aq:6.39 tex:221120 mv:9580 misc:1236 imb:123 pmb:841 smb:5756 d:- ref:0 ;
in:762 out:759 type:P dur:2 cpbdur:2 q:7.72 aq:2.67 tex:497095 mv:9147 misc:1182 imb:491 pmb:682 smb:5547 d:- ref:0 ;
in:760 out:760 type:B dur:2 cpbdur:2 q:7.74 aq:5.08 tex:210751 mv:8628 misc:1397 imb:71 pmb:965 smb:5684 d:- ref:0 ;
in:759 out:761 type:b dur:2 cpbdur:2 q:7.74 aq:6.78 tex:156500 mv:6043 misc:1489 imb:68 pmb:835 smb:5817 d:- ref:0 ;
in:761 out:762 type:b dur:2 cpbdur:2 q:7.74 aq:5.56 tex:177405 mv:7479 misc:1500 imb:103 pmb:927 smb:5690 d:- ref:0 ;
in:766 out:763 type:P dur:2 cpbdur:2 q:7.81 aq:2.70 tex:510686 mv:9652 misc:1030 imb:564 pmb:727 smb:5429 d:- ref:0 ;
in:764 out:764 type:B dur:2 cpbdur:2 q:7.82 aq:4.62 tex:231762 mv:9489 misc:1317 imb:90 pmb:988 smb:5642 d:- ref:0 ;
in:763 out:765 type:b dur:2 cpbdur:2 q:7.82 aq:7.60 tex:123174 mv:5809 misc:1649 imb:53 pmb:841 smb:5826 d:- ref:0 ;
in:765 out:766 type:b dur:2 cpbdur:2 q:7.82 aq:5.46 tex:206574 mv:7762 misc:1296 imb:97 pmb:993 smb:5630 d:- ref:0 ;
in:770 out:767 type:P dur:2 cpbdur:2 q:8.02 aq:2.71 tex:581303 mv:9739 misc:1022 imb:733 pmb:573 smb:5414 d:- ref:0 ;
in:768 out:768 type:B dur:2 cpbdur:2 q:8.02 aq:4.00 tex:351067 mv:12797 misc:1256 imb:129 pmb:1056 smb:5535 d:- ref:0 ;
in:767 out:769 type:b dur:2 cpbdur:2 q:8.02 aq:6.84 tex:221005 mv:10044 misc:1399 imb:110 pmb:985 smb:5625 d:- ref:0 ;
in:769 out:770 type:b dur:2 cpbdur:2 q:8.02 aq:5.28 tex:237834 mv:9202 misc:1340 imb:133 pmb:953 smb:5634 d:- ref:0 ;
in:774 out:771 type:P dur:2 cpbdur:2 q:8.31 aq:3.65 tex:559842 mv:10295 misc:1071 imb:475 pmb:782 smb:5463 d:- ref:0 ;
in:772 out:772 type:B dur:2 cpbdur:2 q:8.31 aq:5.33 tex:256692 mv:11070 misc:1326 imb:60 pmb:1082 smb:5578 d:- ref:0 ;
in:771 out:773 type:b dur:2 cpbdur:2 q:8.31 aq:6.30 tex:191206 mv:7775 misc:1563 imb:51 pmb:985 smb:5684 d:- ref:0 ;
in:773 out:774 type:b dur:2 cpbdur:2 q:8.31 aq:6.40 tex:195901 mv:8620 misc:1415 imb:58 pmb:1043 smb:5619 d:- ref:0 ;
in:778 out:775 type:P dur:2 cpbdur:2 q:8.42 aq:4.15 tex:429742 mv:10034 misc:1192 imb:482 pmb:857 smb:5381 d:- ref:0 ;
in:776 out:776 type:B dur:2 cpbdur:2 q:8.43 aq:5.96 tex:209965 mv:10376 misc:1499 imb:48 pmb:1080 smb:5592 d:- ref:0 ;
in:775 out:777 type:b dur:2 cpbdur:2 q:8.43 aq:6.64 tex:121669 mv:6036 misc:1671 imb:26 pmb:914 smb:5780 d:- ref:0 ;
in:777 out:778 type:b dur:2 cpbdur:2 q:8.43 aq:6.59 tex:177402 mv:7885 misc:1593 imb:41 pmb:1106 smb:5573 d:- ref:0 ;
in:782 out:779 type:P dur:2 cpbdur:2 q:8.51 aq:4.40 tex:631227 mv:10921 misc:948 imb:787 pmb:617 smb:5316 d:- ref:0 ;
in:780 out:780 type:B dur:2 cpbdur:2 q:8.52 aq:6.29 tex:403445 mv:14660 misc:1095 imb:211 pmb:1093 smb:5416 d:- ref:0 ;
in:779 out:781 type:b dur:2 cpbdur:2 q:8.52 aq:7.82 tex:187351 mv:7735 misc:1498 imb:37 pmb:1079 smb:5604 d:- ref:0 ;
in:781 out:782 type:b dur:2 cpbdur:2 q:8.52 aq:6.52 tex:240999 mv:9014 misc:1435 imb:82 pmb:1084 smb:5554 d:- ref:0 ;
in:783 out:783 type:P dur:2 cpbdur:2 q:8.67 aq:4.30 tex:413564 mv:8384 misc:1172 imb:338 pmb:954 smb:5428 d:- ref:0 ;
in:787 out:784 type:P dur:2 cpbdur:2 q:8.88 aq:4.13 tex:649570 mv:11637 misc:1057 imb:747 pmb:683 smb:5290 d:- ref:0 ;
in:785 out:785 type:B dur:2 cpbdur:2 q:9.00 aq:5.69 tex:344108 mv:14200 misc:1204 imb:183 pmb:1176 smb:5361 d:- ref:0 ;
in:784 out:786 type:b dur:2 cpbdur:2 q:9.00 aq:7.55 tex:188076 mv:10190 misc:1550 imb:100 pmb:928 smb:5692 d:- ref:0 ;
in:786 out:787 type:b dur:2 cpbdur:2 q:9.00 aq:7.05 tex:185331 mv:10062 misc:1487 imb:97 pmb:1094 smb:5529 d:- ref:0 ;
in:788 out:788 type:P dur:2 cpbdur:2 q:9.23 aq:4.58 tex:400859 mv:8634 misc:1107 imb:386 pmb:989 smb:5345 d:- ref:0 ;
in:789 out:789 type:P dur:2 cpbdur:2 q:9.07 aq:4.26 tex:367683 mv:8819 misc:1258 imb:355 pmb:939 smb:5426 d:- ref:0 ;
in:790 out:790 type:P dur:2 cpbdur:2 q:9.13 aq:4.68 tex:381884 mv:8801 misc:1251 imb:303 pmb:1025 smb:5392 d:- ref:0 ;
in:792 out:791 type:P dur:2 cpbdur:2 q:9.38 aq:4.32 tex:478658 mv:10489 misc:1165 imb:449 pmb:929 smb:5342 d:- ref:0 ;
in:791 out:792 type:b dur:2 cpbdur:2 q:9.46 aq:7.08 tex:130857 mv:9433 misc:1550 imb:77 pmb:951 smb:5692 d:- ref:0 ;
in:793 out:793 type:P dur:2 cpbdur:2 q:9.66 aq:4.90 tex:391741 mv:8323 misc:1224 imb:416 pmb:911 smb:5393 d:- ref:0 ;
in:794 out:794 type:P dur:2 cpbdur:2 q:9.80 aq:4.91 tex:406838 mv:8965 misc:1141 imb:411 pmb:936 smb:5373 d:- ref:0 ;
in:796 out:795 type:P dur:2 cpbdur:2 q:9.98 aq:4.40 tex:431253 mv:10141 misc:1046 imb:522 pmb:891 smb:5307 d:- ref:0 ;
in:795 out:796 type:b dur:2 cpbdur:2 q:9.98 aq:7.48 tex:114540 mv:9309 misc:1615 imb:138 pmb:896 smb:5686 d:- ref:0 ;
in:798 out:797 type:P dur:2 cpbdur:2 q:9.88 aq:4.75 tex:371905 mv:9568 misc:1159 imb:415 pmb:923 smb:5382 d:- ref:0 ;
in:797 out:798 type:b dur:2 cpbdur:2 q:9.98 aq:8.80 tex:113347 mv:8763 misc:1578 imb:114 pmb:838 smb:5768 d:- ref:0 ;
in:802 out:799 type:P dur:2 cpbdur:2 q:10.11 aq:5.34 tex:427524 mv:10479 misc:1037 imb:551 pmb:858 smb:5311 d:- ref:0 ;
in:800 out:800 type:B dur:2 cpbdur:2 q:10.11 aq:7.94 tex:190450 mv:11073 misc:1341 imb:135 pmb:1106 smb:5479 d:- ref:0 ;
in:799 out:801 type:b dur:2 cpbdur:2 q:10.11 aq:8.40 tex:150866 mv:10116 misc:1362 imb:120 pmb:1104 smb:5496 d:- ref:0 ;
in:801 out:802 type:b dur:2 cpbdur:2 q:10.11 aq:9.29 tex:81334 mv:6525 misc:1749 imb:40 pmb:1038 smb:5642 d:- ref:0 ;
in:803 out:803 type:P dur:2 cpbdur:2 q:10.34 aq:5.76 tex:308585 mv:8415 misc:1264 imb:416 pmb:917 smb:5387 d:- ref:0 ;
in:804 out:804 type:P dur:2 cpbdur:2 q:10.05 aq:5.62 tex:360861 mv:9050 misc:1153 imb:509 pmb:827 smb:5384 d:- ref:0 ;
in:805 out:805 type:P dur:2 cpbdur:2 q:9.49 aq:5.58 tex:307514 mv:7569 misc:1261 imb:442 pmb:812 smb:5466 d:- ref:0 ;
in:806 out:806 type:P dur:2 cpbdur:2 q:9.76 aq:5.33 tex:447110 mv:9254 misc:1156 imb:551 pmb:755 smb:5414 d:- ref:0 ;
in:807 out:807 type:P dur:2 cpbdur:2 q:10.26 aq:5.88 tex:340043 mv:8743 misc:1102 imb:436 pmb:884 smb:5400 d:- ref:0 ;
in:808 out:808 type:P dur:2 cpbdur:2 q:10.67 aq:5.75 tex:288285 mv:8721 misc:1202 imb:361 pmb:945 smb:5414 d:- ref:0 ;
in:809 out:809 type:P dur:2 cpbdur:2 q:11.01 aq:5.96 tex:291766 mv:9007 misc:1195 imb:381 pmb:932 smb:5407 d:- ref:0 ;
in:810 out:810 type:P dur:2 cpbdur:2 q:11.07 aq:5.54 tex:333081 mv:8954 misc:1341 imb:379 pmb:972 smb:5369 d:- ref:0 ;
in:812 out:811 type:P dur:2 cpbdur:2 q:11.31 aq:6.17 tex:484586 mv:9175 misc:1007 imb:770 pmb:602 smb:5348 d:- ref:0 ;
in:811 out:812 type:b dur:2 cpbdur:2 q:11.36 aq:11.33 tex:126525 mv:10039 misc:1532 imb:139 pmb:1026 smb:5555 d:- ref:0 ;
in:813 out:813 type:P dur:2 cpbdur:2 q:11.63 aq:6.57 tex:304870 mv:8240 misc:1266 imb:348 pmb:934 smb:5438 d:- ref:0 ;
in:815 out:814 type:P dur:2 cpbdur:2 q:11.80 aq:5.86 tex:453297 mv:9701 misc:1154 imb:715 pmb:670 smb:5335 d:- ref:0 ;
in:814 out:815 type:b dur:2 cpbdur:2 q:11.82 aq:10.05 tex:158936 mv:10733 misc:1355 imb:192 pmb:1076 smb:5452 d:- ref:0 ;
in:816 out:816 type:P dur:2 cpbdur:2 q:11.59 aq:6.38 tex:252145 mv:8653 misc:1162 imb:395 pmb:931 smb:5394 d:- ref:0 ;
in:817 out:817 type:P dur:2 cpbdur:2 q:10.58 aq:6.04 tex:260656 mv:6906 misc:1286 imb:345 pmb:893 smb:5482 d:- ref:0 ;
in:819 out:818 type:P dur:2 cpbdur:2 q:10.96 aq:6.24 tex:342823 mv:8937 misc:1128 imb:444 pmb:900 smb:5376 d:- ref:0 ;
in:818 out:819 type:b dur:2 cpbdur:2 q:10.97 aq:9.14 tex:93205 mv:9521 misc:1506 imb:115 pmb:848 smb:5757 d:- ref:0 ;
in:820 out:820 type:P dur:2 cpbdur:2 q:11.17 aq:6.11 tex:277021 mv:8615 misc:1204 imb:414 pmb:917 smb:5389 d:- ref:0 ;
in:821 out:821 type:P dur:2 cpbdur:2 q:10.80 aq:5.39 tex:279180 mv:7892 misc:1296 imb:371 pmb:925 smb:5424 d:- ref:0 ;
in:822 out:822 type:P dur:2 cpbdur:2 q:11.03 aq:5.97 tex:264404 mv:7517 misc:1279 imb:360 pmb:907 smb:5453 d:- ref:0 ;
in:823 out:823 type:P dur:2 cpbdur:2 q:11.26 aq:6.73 tex:257640 mv:6858 misc:1318 imb:383 pmb:801 smb:5536 d:- ref:0 ;
in:824 out:824 type:P dur:2 cpbdur:2 q:11.61 aq:6.31 tex:266700 mv:7883 misc:1129 imb:460 pmb:864 smb:5396 d:- ref:0 ;
in:826 out:825 type:P dur:2 cpbdur:2 q:11.83 aq:6.13 tex:327313 mv:9038 misc:1033 imb:486 pmb:886 smb:5348 d:- ref:0 ;
in:825 out:826 type:b dur:2 cpbdur:2 q:11.99 aq:9.43 tex:91690 mv:8644 misc:1506 imb:177 pmb:814 smb:5729 d:- ref:0 ;
in:829 out:827 type:P dur:2 cpbdur:2 q:12.10 aq:7.11 tex:389341 mv:9711 misc:892 imb:543 pmb:876 smb:5301 d:- ref:0 ;
in:827 out:828 type:B dur:2 cpbdur:2 q:12.18 aq:10.68 tex:156503 mv:11702 misc:1227 imb:271 pmb:1039 smb:5410 d:- ref:0 ;
in:828 out:829 type:b dur:2 cpbdur:2 q:12.18 aq:10.85 tex:87095 mv:7732 misc:1605 imb:199 pmb:865 smb:5656 d:- ref:0 ;
in:831 out:830 type:P dur:2 cpbdur:2 q:12.58 aq:7.34 tex:345295 mv:9729 misc:888 imb:572 pmb:866 smb:5282 d:- ref:0 ;
in:830 out:831 type:b dur:2 cpbdur:2 q:12.59 aq:10.69 tex:120532 mv:10338 misc:1362 imb:258 pmb:1027 smb:5435 d:- ref:0 ;
in:834 out:832 type:P dur:2 cpbdur:2 q:12.60 aq:6.82 tex:347578 mv:9951 misc:943 imb:643 pmb:798 smb:5279 d:- ref:0 ;
in:832 out:833 type:B dur:2 cpbdur:2 q:12.89 aq:10.68 tex:112160 mv:9631 misc:1401 imb:285 pmb:841 smb:5594 d:- ref:0 ;
in:833 out:834 type:b dur:2 cpbdur:2 q:12.89 aq:12.39 tex:57432 mv:7624 misc:1648 imb:156 pmb:749 smb:5815 d:- ref:0 ;
in:836 out:835 type:P dur:2 cpbdur:2 q:13.15 aq:7.46 tex:274131 mv:8721 misc:1068 imb:482 pmb:911 smb:5327 d:- ref:0 ;
in:835 out:836 type:b dur:2 cpbdur:2 q:13.44 aq:11.31 tex:30646 mv:5808 misc:1762 imb:174 pmb:693 smb:5853 d:- ref:0 ;
in:838 out:837 type:P dur:2 cpbdur:2 q:12.50 aq:6.13 tex:310105 mv:9310 misc:1001 imb:600 pmb:848 smb:5272 d:- ref:0 ;
in:837 out:838 type:b dur:2 cpbdur:2 q:13.28 aq:10.42 tex:56590 mv:8564 misc:1702 imb:147 pmb:816 smb:5757 d:- ref:0 ;
in:842 out:839 type:P dur:2 cpbdur:2 q:11.92 aq:5.32 tex:317912 mv:10156 misc:1340 imb:507 pmb:1070 smb:5143 d:- ref:0 w:7,127,1 ;
in:840 out:840 type:B dur:2 cpbdur:2 q:12.81 aq:8.17 tex:123872 mv:9534 misc:1610 imb:160 pmb:977 smb:5583 d:- ref:0 ;
in:839 out:841 type:b dur:2 cpbdur:2 q:12.96 aq:9.54 tex:47092 mv:6748 misc:1752 imb:84 pmb:829 smb:5807 d:- ref:0 ;
in:841 out:842 type:b dur:2 cpbdur:2 q:12.96 aq:9.70 tex:16089 mv:2850 misc:1837 imb:30 pmb:613 smb:6077 d:- ref:0 ;
in:846 out:843 type:P dur:2 cpbdur:2 q:11.24 aq:5.44 tex:637513 mv:10896 misc:1111 imb:963 pmb:540 smb:5217 d:- ref:0 ;
in:844 out:844 type:B dur:2 cpbdur:2 q:12.52 aq:8.42 tex:319077 mv:12488 misc:1427 imb:386 pmb:737 smb:5597 d:- ref:0 ;
in:843 out:845 type:b dur:2 cpbdur:2 q:12.53 aq:9.50 tex:241598 mv:11755 misc:1367 imb:308 pmb:677 smb:5735 d:- ref:0 ;
in:845 out:846 type:b dur:2 cpbdur:2 q:12.51 aq:9.60 tex:185951 mv:10103 misc:1474 imb:243 pmb:647 smb:5830 d:- ref:0 ;
in:848 out:847 type:P dur:2 cpbdur:2 q:11.12 aq:5.78 tex:521515 mv:9843 misc:1202 imb:728 pmb:737 smb:5255 d:- ref:0 ;
in:847 out:848 type:b dur:2 cpbdur:2 q:11.43 aq:7.38 tex:106066 mv:6463 misc:1647 imb:116 pmb:685 smb:5919 d:- ref:0 ;
in:852 out:849 type:P dur:2 cpbdur:2 q:11.52 aq:5.06 tex:430957 mv:10577 misc:994 imb:584 pmb:848 smb:5288 d:- ref:0 ;
in:850 out:850 type:B dur:2 cpbdur:2 q:11.57 aq:8.79 tex:117086 mv:9555 misc:1743 imb:127 pmb:954 smb:5639 d:- ref:0 ;
in:849 out:851 type:b dur:2 cpbdur:2 q:11.57 aq:9.85 tex:46493 mv:5004 misc:2039 imb:31 pmb:734 smb:5955 d:- ref:0 ;
in:851 out:852 type:b dur:2 cpbdur:2 q:11.56 aq:8.55 tex:25572 mv:4382 misc:1982 imb:20 pmb:644 smb:6056 d:- ref:0 ;
in:854 out:853 type:P dur:2 cpbdur:2 q:11.97 aq:5.92 tex:377063 mv:9436 misc:1029 imb:414 pmb:1017 smb:5289 d:- ref:0 ;
in:853 out:854 type:b dur:2 cpbdur:2 q:12.00 aq:9.23 tex:35924 mv:4159 misc:1837 imb:28 pmb:664 smb:6028 d:- ref:0 ;
in:856 out:855 type:P dur:2 cpbdur:2 q:11.98 aq:5.76 tex:465386 mv:10256 misc:1070 imb:487 pmb:952 smb:5281 d:- ref:0 ;
in:855 out:856 type:b dur:2 cpbdur:2 q:12.28 aq:9.62 tex:88461 mv:8446 misc:1701 imb:89 pmb:803 smb:5828 d:- ref:0 ;
in:859 out:857 type:P dur:2 cpbdur:2 q:11.89 aq:5.70 tex:504204 mv:10696 misc:1340 imb:731 pmb:816 smb:5173 d:- ref:0 w:7,127,1 ;
in:857 out:858 type:B dur:2 cpbdur:2 q:12.13 aq:8.86 tex:105535 mv:8828 misc:1669 imb:64 pmb:900 smb:5756 d:- ref:0 ;
in:858 out:859 type:b dur:2 cpbdur:2 q:12.12 aq:9.64 tex:97988 mv:8027 misc:1705 imb:110 pmb:875 smb:5735 d:- ref:0 ;
in:861 out:860 type:P dur:2 cpbdur:2 q:12.10 aq:5.95 tex:536729 mv:10892 misc:1235 imb:683 pmb:885 smb:5152 d:- ref:0 w:7,127,1 ;
in:860 out:861 type:b dur:2 cpbdur:2 q:12.22 aq:9.07 tex:104020 mv:9469 misc:1735 imb:111 pmb:911 smb:5698 d:- ref:0 ;
in:863 out:862 type:P dur:2 cpbdur:2 q:11.90 aq:6.26 tex:522059 mv:10639 misc:1086 imb:757 pmb:687 smb:5276 d:- ref:0 ;
in:862 out:863 type:b dur:2 cpbdur:2 q:12.16 aq:9.26 tex:59568 mv:8069 misc:1899 imb:67 pmb:824 smb:5829 d:- ref:0 ;
in:866 out:864 type:P dur:2 cpbdur:2 q:12.11 aq:6.63 tex:541390 mv:11043 misc:1031 imb:776 pmb:656 smb:5288 d:- ref:0 ;
in:864 out:865 type:B dur:2 cpbdur:2 q:12.20 aq:9.56 tex:123682 mv:10289 misc:1597 imb:81 pmb:1113 smb:5526 d:- ref:0 ;
in:865 out:866 type:b dur:2 cpbdur:2 q:12.20 aq:10.96 tex:141412 mv:9711 misc:1325 imb:83 pmb:1138 smb:5499 d:- ref:0 ;
in:867 out:867 type:P dur:2 cpbdur:2 q:11.49 aq:6.50 tex:371475 mv:8381 misc:1200 imb:287 pmb:1079 smb:5354 d:- ref:0 ;
in:871 out:868 type:P dur:2 cpbdur:2 q:11.39 aq:5.29 tex:567544 mv:11563 misc:1205 imb:852 pmb:644 smb:5224 d:- ref:0 ;
in:869 out:869 type:B dur:2 cpbdur:2 q:11.61 aq:8.35 tex:195114 mv:11215 misc:1583 imb:168 pmb:939 smb:5613 d:- ref:0 ;
in:868 out:870 type:b dur:2 cpbdur:2 q:11.61 aq:10.31 tex:71392 mv:7854 misc:1898 imb:73 pmb:856 smb:5791 d:- ref:0 ;
in:870 out:871 type:b dur:2 cpbdur:2 q:11.61 aq:8.16 tex:86728 mv:7720 misc:1672 imb:63 pmb:945 smb:5712 d:- ref:0 ;
in:873 out:872 type:P dur:2 cpbdur:2 q:11.21 aq:5.62 tex:481812 mv:10677 misc:1143 imb:610 pmb:824 smb:5286 d:- ref:0 ;
in:872 out:873 type:b dur:2 cpbdur:2 q:11.58 aq:8.14 tex:83867 mv:8282 misc:1755 imb:71 pmb:928 smb:5721 d:- ref:0 ;
in:875 out:874 type:P dur:2 cpbdur:2 q:10.52 aq:4.59 tex:498346 mv:10594 misc:1092 imb:486 pmb:934 smb:5300 d:- ref:0 ;
in:874 out:875 type:b dur:2 cpbdur:2 q:11.28 aq:8.70 tex:65781 mv:7892 misc:1743 imb:50 pmb:890 smb:5780 d:- ref:0 ;
in:879 out:876 type:P dur:2 cpbdur:2 q:9.46 aq:4.31 tex:630474 mv:11024 misc:1182 imb:820 pmb:612 smb:5288 d:- ref:0 ;
in:877 out:877 type:B dur:2 cpbdur:2 q:10.81 aq:7.80 tex:278657 mv:13494 misc:1233 imb:170 pmb:1201 smb:5349 d:- ref:0 ;
in:876 out:878 type:b dur:2 cpbdur:2 q:10.81 aq:8.98 tex:102109 mv:7722 misc:1529 imb:59 pmb:986 smb:5675 d:- ref:0 ;
in:878 out:879 type:b dur:2 cpbdur:2 q:10.81 aq:9.36 tex:152912 mv:9683 misc:1621 imb:68 pmb:959 smb:5693 d:- ref:0 ;
in:881 out:880 type:P dur:2 cpbdur:2 q:7.84 aq:3.27 tex:537222 mv:9839 misc:1251 imb:350 pmb:1147 smb:5223 d:- ref:0 w:7,127,1 ;
in:880 out:881 type:b dur:2 cpbdur:2 q:9.47 aq:6.86 tex:68769 mv:6982 misc:1729 imb:32 pmb:742 smb:5946 d:- ref:0 ;
in:883 out:882 type:P dur:2 cpbdur:2 q:7.48 aq:3.40 tex:556229 mv:9563 misc:1280 imb:344 pmb:1121 smb:5255 d:- ref:0 w:7,127,1 ;
in:882 out:883 type:b dur:2 cpbdur:2 q:7.88 aq:6.65 tex:133585 mv:7300 misc:1579 imb:42 pmb:849 smb:5829 d:- ref:0 ;
in:887 out:884 type:P dur:2 cpbdur:2 q:7.09 aq:3.44 tex:637550 mv:10799 misc:1043 imb:616 pmb:789 smb:5315 d:- ref:0 ;
in:885 out:885 type:B dur:2 cpbdur:2 q:7.89 aq:5.07 tex:347529 mv:11548 misc:1459 imb:146 pmb:1107 smb:5467 d:- ref:0 ;
in:884 out:886 type:b dur:2 cpbdur:2 q:7.89 aq:7.34 tex:107772 mv:7337 misc:1555 imb:27 pmb:917 smb:5776 d:- ref:0 ;
in:886 out:887 type:b dur:2 cpbdur:2 q:7.89 aq:8.23 tex:130390 mv:7740 misc:1590 imb:26 pmb:887 smb:5807 d:- ref:0 ;
in:891 out:888 type:P dur:2 cpbdur:2 q:7.23 aq:5.38 tex:421559 mv:10040 misc:953 imb:441 pmb:912 smb:5367 d:- ref:0 ;
in:889 out:889 type:B dur:2 cpbdur:2 q:10.00 aq:7.06 tex:251527 mv:11846 misc:1099 imb:60 pmb:1197 smb:5463 d:- ref:0 ;
in:888 out:890 type:b dur:2 cpbdur:2 q:10.00 aq:9.20 tex:58811 mv:5570 misc:1811 imb:12 pmb:787 smb:5921 d:- ref:0 ;
in:890 out:891 type:b dur:2 cpbdur:2 q:10.00 aq:9.43 tex:96425 mv:8095 misc:1536 imb:13 pmb:871 smb:5836 d:- ref:0 ;
in:892 out:892 type:P dur:2 cpbdur:2 q:7.23 aq:7.24 tex:295156 mv:8044 misc:1032 imb:249 pmb:967 smb:5504 d:- ref:0 ;
